학제,학교명,지역,설립,재적학생수
전문대학,한국철도대학,경기,국립,180 
전문대학,강원도립대학,강원,공립,1658 
전문대학,경남도립거창대학,경남,공립,1614 
전문대학,경남도립남해대학,경남,공립,1639 
전문대학,경북도립대학교,경북,공립,1389 
전문대학,충북도립대학,충북,공립,1815 
전문대학,충남도립대학교,충남,공립,1747 
전문대학,한국복지대학교,경기,국립,735 
전문대학,가톨릭상지대학교,경북,사립,2859 
전문대학,군산간호대학교,전북,사립,1241 
전문대학,거제대학교,경남,사립,2525 
전문대학,경남정보대학교,부산,사립,11748 
전문대학,호산대학교,경북,사립,2832 
전문대학,경민대학교,경기,사립,8154 
전문대학,대구미래대학교,경북,사립,1430 
전문대학,영남외국어대학,경북,사립,1070 
전문대학,경북전문대학교,경북,사립,4290 
전문대학,경복대학교,경기,사립,8672 
전문대학,경인여자대학교,인천,사립,5309 
전문대학,서라벌대학교,경북,사립,1270 
전문대학,계명문화대학교,대구,사립,8149 
전문대학,계원예술대학교,경기,사립,4361 
전문대학,광양보건대학교,전남,사립,2439 
전문대학,광주보건대학교,광주,사립,5376 
전문대학,구미대학교,경북,사립,8306 
전문대학,서해대학,전북,사립,2084 
전문대학,군장대학교,전북,사립,3028 
전문대학,강동대학교,충북,사립,7079 
전문대학,고구려대학교,전남,사립,2364 
전문대학,기독간호대학교,광주,사립,713 
전문대학,전주기전대학,전북,사립,2203 
전문대학,김천과학대학교,경북,사립,1659 
전문대학,김포대학교,경기,사립,5189 
전문대학,농협대학교,경기,사립,581 
전문대학,대경대학교,경북,사립,5811 
전문대학,대구공업대학교,대구,사립,4165 
전문대학,대구보건대학교,대구,사립,9370 
전문대학,수성대학교,대구,사립,5884 
전문대학,대구과학대학교,대구,사립,6123 
전문대학,대동대학교,부산,사립,2065 
전문대학,대림대학교,경기,사립,11356 
전문대학,대원대학교,충북,사립,4118 
전문대학,동서울대학교,경기,사립,9282 
전문대학,대전보건대학교,대전,사립,8450 
전문대학,우송정보대학,대전,사립,7933 
전문대학,대전과학기술대학교,대전,사립,6336 
전문대학,아주자동차대학,충남,사립,2550 
전문대학,인천재능대학교,인천,사립,6322 
전문대학,경북과학대학교,경북,사립,2695 
전문대학,동남보건대학교,경기,사립,6309 
전문대학,동부산대학교,부산,사립,4237 
전문대학,동강대학교,광주,사립,4449 
전문대학,동아방송예술대학교,경기,사립,4530 
전문대학,동아인재대학교,전남,사립,2357 
전문대학,동양미래대학교,서울,사립,11948 
전문대학,동우대학,강원,사립,162 
전문대학,동원대학교,경기,사립,6254 
전문대학,동의과학대학교,부산,사립,10967 
전문대학,동주대학교,부산,사립,5658 
전문대학,두원공과대학교,경기,사립,10228 
전문대학,마산대학교,경남,사립,8429 
전문대학,명지전문대학,서울,사립,10474 
전문대학,목포과학대학교,전남,사립,4604 
전문대학,문경대학교,경북,사립,1103 
전문대학,배화여자대학교,서울,사립,3460 
전문대학,백제예술대학교,전북,사립,2781 
전문대학,부산경상대학교,부산,사립,4797 
전문대학,부산여자대학교,부산,사립,3130 
전문대학,부산과학기술대학교,부산,사립,10296 
전문대학,부천대학교,경기,사립,11695 
전문대학,삼육보건대학교,서울,사립,1522 
전문대학,상지영서대학교,강원,사립,6334 
전문대학,서영대학교,광주,사립,8634 
전문대학,서울여자간호대학교,서울,사립,1017 
전문대학,서울예술대학교,경기,사립,4306 
전문대학,서일대학교,서울,사립,9916 
전문대학,성덕대학교,경북,사립,1409 
전문대학,성심외국어대학,부산,사립,1249 
전문대학,송원대학,광주,사립,24 
전문대학,수원여자대학교,경기,사립,4878 
전문대학,수원과학대학교,경기,사립,9917 
전문대학,순천제일대학교,전남,사립,5187 
전문대학,청암대학교,전남,사립,3688 
전문대학,숭의여자대학교,서울,사립,3861 
전문대학,신구대학교,경기,사립,9393 
전문대학,신성대학교,충남,사립,6942 
전문대학,신흥대학교,경기,사립,3453 
전문대학,안동과학대학교,경북,사립,4249 
전문대학,신안산대학교,경기,사립,7048 
전문대학,안산대학교,경기,사립,6091 
전문대학,연성대학교,경기,사립,10989 
전문대학,동원과학기술대학교,경남,사립,3699 
전문대학,여주대학교,경기,사립,9185 
전문대학,연암공업대학,경남,사립,3051 
전문대학,천안연암대학,충남,사립,1698 
전문대학,영남이공대학교,대구,사립,10102 
전문대학,강릉영동대학교,강원,사립,5120 
전문대학,세경대학교,강원,사립,1253 
전문대학,영진전문대학,대구,사립,13675 
전문대학,오산대학교,경기,사립,8470 
전문대학,용인송담대학교,경기,사립,6791 
전문대학,울산과학대학교,울산,사립,8454 
전문대학,한국영상대학교,세종,사립,5195 
전문대학,원광보건대학교,전북,사립,6630 
전문대학,유한대학교,경기,사립,9025 
전문대학,인덕대학교,서울,사립,9891 
전문대학,인하공업전문대학,인천,사립,12190 
전문대학,장안대학교,경기,사립,9361 
전문대학,적십자간호대학,서울,사립,3 
전문대학,전남과학대학교,전남,사립,5064 
전문대학,전주비전대학교,전북,사립,5202 
전문대학,전북과학대학교,전북,사립,1777 
전문대학,제주관광대학교,제주,사립,3710 
전문대학,제주산업정보대학,제주,사립,17 
전문대학,조선이공대학교,광주,사립,7134 
전문대학,조선간호대학교,광주,사립,915 
전문대학,충북보건과학대학교,충북,사립,4299 
전문대학,진주보건대학교,경남,사립,3354 
전문대학,창신대학,경남,사립,274 
전문대학,창원문성대학,경남,사립,8413 
전문대학,백석문화대학교,충남,사립,9243 
전문대학,청강문화산업대학교,경기,사립,5192 
전문대학,춘해보건대학교,울산,사립,3117 
전문대학,대덕대학교,대전,사립,7403 
전문대학,충청대학교,충북,사립,8233 
전문대학,강원관광대학교,강원,사립,1830 
전문대학,국제대학교,경기,사립,7141 
전문대학,선린대학교,경북,사립,3738 
전문대학,포항대학교,경북,사립,3497 
전문대학,제주한라대학교,제주,사립,8862 
전문대학,한림성심대학교,강원,사립,5409 
전문대학,한양여자대학교,서울,사립,7407 
전문대학,한영대학,전남,사립,1554 
전문대학,혜전대학교,충남,사립,4523 
전문대학,경기과학기술대학교,경기,사립,7703 
전문대학,부산예술대학교,부산,사립,1200 
전문대학,전남도립대학교,전남,공립,2209 
전문대학,송호대학교,강원,사립,1577 
전문대학,한국관광대학교,경기,사립,3030 
전문대학,서정대학교,경기,사립,8375 
전문대학,송곡대학교,강원,사립,997 
전문대학,웅지세무대학교,경기,사립,3061 
전문대학,김해대학교,경남,사립,1863 
전문대학,한국승강기대학교,경남,사립,1264 
전문대학,한국농수산대학,전북,국립,1342 
전문대학,한국골프대학,강원,사립,601 
교육대학,공주교육대학교,충남,국립,1570 
교육대학,광주교육대학교,광주,국립,1446 
교육대학,대구교육대학교,대구,국립,1710 
교육대학,부산교육대학교,부산,국립,1617 
교육대학,서울교육대학교,서울,국립,1600 
교육대학,경인교육대학교,인천,국립,1300 
교육대학,경인교육대학교,경기,국립,1362 
교육대학,전주교육대학교,전북,국립,1235 
교육대학,진주교육대학교,경남,국립,1398 
교육대학,청주교육대학교,충북,국립,1285 
교육대학,춘천교육대학교,강원,국립,1444 
대학교,강릉원주대학교,강원,국립,8883 
대학교,강릉원주대학교,강원,국립,2963 
대학교,강원대학교,강원,국립,22940 
대학교,강원대학교,강원,국립,11176 
대학교,경북대학교,대구,국립,33144 
대학교,경상대학교,경남,국립,21408 
대학교,공주대학교,충남,국립,19221 
대학교,군산대학교,전북,국립,11699 
대학교,금오공과대학교,경북,국립,10230 
대학교,목포대학교,전남,국립,11325 
대학교,목포해양대학교,전남,국립,3121 
대학교,부경대학교,부산,국립,24684 
대학교,부산대학교,부산,국립,30148 
대학교,서울대학교,서울,국립대법인,21068 
대학교,순천대학교,전남,국립,11005 
대학교,안동대학교,경북,국립,10166 
대학교,전남대학교,광주,국립,24003 
대학교,전남대학교,전남,국립,4943 
대학교,전북대학교,전북,국립,27327 
대학교,제주대학교,제주,국립,16303 
대학교,창원대학교,경남,국립,12681 
대학교,충남대학교,대전,국립,25492 
대학교,충북대학교,충북,국립,20635 
대학교,한국교원대학교,충북,국립,2760 
대학교,한국체육대학교,서울,국립,3220 
대학교,한국해양대학교,부산,국립,9259 
대학교,한국교통대학교,충북,국립,12392 
대학교,경남과학기술대학교,경남,국립,6563 
대학교,서울과학기술대학교,서울,국립,9786 
대학교,한경대학교,경기,국립,5580 
대학교,한밭대학교,대전,국립,8686 
대학교,서울시립대학교,서울,공립,13331 
대학교,인천대학교,인천,국립대법인,18149 
대학교,가야대학교,경남,사립,3350 
대학교,가야대학교,경북,사립,3 
대학교,가톨릭대학교,경기,사립,10174 
대학교,가톨릭대학교,서울,사립,473 
대학교,가톨릭대학교,서울,사립,281 
대학교,감리교신학대학교,서울,사립,1182 
대학교,강남대학교,경기,사립,10020 
대학교,건국대학교,서울,사립,22559 
대학교,건국대학교,충북,사립,12182 
대학교,건양대학교,충남,사립,6347 
대학교,건양대학교,대전,사립,3970 
대학교,경기대학교,경기,사립,17614 
대학교,경기대학교,서울,사립,3161 
대학교,경남대학교,경남,사립,19201 
대학교,경동대학교,강원,사립,5140 
대학교,경동대학교,강원,사립,419 
대학교,경동대학교,강원,사립,1644 
대학교,경동대학교,경기,사립,877 
대학교,대구한의대학교,경북,사립,9795 
대학교,경성대학교,부산,사립,18844 
대학교,가천대학교,경기,사립,26411 
대학교,경일대학교,경북,사립,10189 
대학교,경주대학교,경북,사립,4101 
대학교,경희대학교,서울,사립,34319 
대학교,계명대학교,대구,사립,33568 
대학교,고려대학교,서울,사립,27092 
대학교,고려대학교 세종캠퍼스,세종,사립,10412 
대학교,고신대학교,부산,사립,5442 
대학교,가톨릭관동대학교,강원,사립,13951 
대학교,광신대학교,광주,사립,598 
대학교,광운대학교,서울,사립,12530 
대학교,광주가톨릭대학교,전남,사립,138 
대학교,광주여자대학교,광주,사립,4252 
대학교,국민대학교,서울,사립,21746 
대학교,그리스도대학교,서울,사립,1933 
대학교,극동대학교,충북,사립,5878 
대학교,나사렛대학교,충남,사립,7828 
대학교,단국대학교,경기,사립,16946 
대학교,단국대학교,충남,사립,16981 
대학교,대구대학교,경북,사립,28451 
대학교,대구예술대학교,경북,사립,2110 
대학교,대구가톨릭대학교,경북,사립,19566 
대학교,세한대학교,전남,사립,4640 
대학교,세한대학교,충남,사립,1214 
대학교,대신대학교,경북,사립,579 
대학교,대전가톨릭대학교,세종,사립,105 
대학교,대전대학교,대전,사립,13860 
대학교,대진대학교,경기,사립,11100 
대학교,서울기독대학교,서울,사립,819 
대학교,덕성여자대학교,서울,사립,7181 
대학교,동국대학교,서울,사립,19143 
대학교,동국대학교,경북,사립,11813 
대학교,동덕여자대학교,서울,사립,9218 
대학교,동서대학교,부산,사립,16037 
대학교,동신대학교,전남,사립,9631 
대학교,동아대학교,부산,사립,29491 
대학교,동양대학교,경북,사립,6535 
대학교,동의대학교,부산,사립,22843 
대학교,루터대학교,경기,사립,509 
대학교,명지대학교 인문캠퍼스,서울,사립,10576 
대학교,명지대학교 자연캠퍼스,경기,사립,10377 
대학교,목원대학교,대전,사립,12514 
대학교,배재대학교,대전,사립,12430 
대학교,부산가톨릭대학교,부산,사립,5256 
대학교,부산외국어대학교,부산,사립,13754 
대학교,삼육대학교,서울,사립,7731 
대학교,상명대학교,서울,사립,9670 
대학교,상명대학교,충남,사립,8508 
대학교,상지대학교,강원,사립,11418 
대학교,서강대학교,서울,사립,11199 
대학교,서경대학교,서울,사립,9187 
대학교,서남대학교,전북,사립,1136 
대학교,서남대학교,충남,사립,1382 
대학교,서울신학대학교,경기,사립,2918 
대학교,서울여자대학교,서울,사립,9230 
대학교,서울장신대학교,경기,사립,679 
대학교,서원대학교,충북,사립,9715 
대학교,선문대학교,충남,사립,14016 
대학교,성결대학교,경기,사립,7540 
대학교,성공회대학교,서울,사립,3261 
대학교,성균관대학교,서울,사립,26327 
대학교,성신여자대학교,서울,사립,11739 
대학교,세명대학교,충북,사립,12453 
대학교,세종대학교,서울,사립,15955 
대학교,수원가톨릭대학교,경기,사립,206 
대학교,수원대학교,경기,사립,14978 
대학교,숙명여자대학교,서울,사립,12847 
대학교,순천향대학교,충남,사립,14690 
대학교,숭실대학교,서울,사립,18715 
대학교,신라대학교,부산,사립,13475 
대학교,아세아연합신학대학교,경기,사립,1053 
대학교,아주대학교,경기,사립,14141 
대학교,안양대학교,경기,사립,6674 
대학교,안양대학교,인천,사립,728 
대학교,연세대학교,서울,사립,25989 
대학교,연세대학교 원주캠퍼스,강원,사립,10986 
대학교,영남대학교,경북,사립,33245 
대학교,영남신학대학교,경북,사립,577 
대학교,영동대학교,충북,사립,5967 
대학교,영산선학대학교,전남,사립,56 
대학교,용인대학교,경기,사립,9087 
대학교,우석대학교,전북,사립,10645 
대학교,울산대학교,울산,사립,19706 
대학교,원광대학교,전북,사립,24351 
대학교,위덕대학교,경북,사립,4133 
대학교,을지대학교,대전,사립,877 
대학교,을지대학교,경기,사립,5579 
대학교,이화여자대학교,서울,사립,17589 
대학교,인제대학교,경남,사립,13045 
대학교,인제대학교 ,부산,사립,933 
대학교,인천가톨릭대학교,인천,사립,119 
대학교,인천가톨릭대학교,인천,사립,860 
대학교,인하대학교,인천,사립,26523 
대학교,장로회신학대학교,서울,사립,909 
대학교,전주대학교,전북,사립,16972 
대학교,조선대학교,광주,사립,29690 
대학교,중부대학교,충남,사립,12867 
대학교,중앙대학교 서울캠퍼스,서울,사립,22871 
대학교,중앙대학교 안성캠퍼스,경기,사립,10367 
대학교,중앙승가대학교,경기,사립,227 
대학교,백석대학교,충남,사립,17581 
대학교,청주대학교,충북,사립,18249 
대학교,총신대학교,서울,사립,2474 
대학교,추계예술대학교,서울,사립,1567 
대학교,침례신학대학교,대전,사립,2037 
대학교,칼빈대학교,경기,사립,555 
대학교,탐라대학교,제주,사립,29 
대학교,평택대학교,경기,사립,5266 
대학교,차의과학대학교,경기,사립,2222 
대학교,포항공과대학교,경북,사립,1716 
대학교,한국기술교육대학교,충남,사립,6551 
대학교,한국성서대학교,서울,사립,1377 
대학교,한국외국어대학교,서울,사립,22961 
대학교,한국항공대학교,경기,사립,6180 
대학교,한남대학교,대전,사립,18422 
대학교,한동대학교,경북,사립,5599 
대학교,한라대학교,강원,사립,6052 
대학교,한림대학교,강원,사립,11944 
대학교,한서대학교,충남,사립,10106 
대학교,한성대학교,서울,사립,10054 
대학교,한세대학교,경기,사립,3646 
대학교,한신대학교,경기,사립,7788 
대학교,한양대학교,서울,사립,21207 
대학교,한양대학교,경기,사립,12910 
대학교,한영신학대학교,서울,사립,990 
대학교,한일장신대학교,전북,사립,1102 
대학교,협성대학교,경기,사립,6107 
대학교,호남대학교,광주,사립,10217 
대학교,호남신학대학교,광주,사립,825 
대학교,호서대학교,충남,사립,18089 
대학교,홍익대학교,서울,사립,16711 
대학교,홍익대학교 세종캠퍼스,세종,사립,9190 
대학교,꽃동네대학교,충북,사립,633 
대학교,남부대학교,광주,사립,4068 
대학교,예원예술대학교,전북,사립,714 
대학교,예원예술대학교 양주캠퍼스,경기,사립,642 
대학교,한중대학교,강원,사립,1825 
대학교,목포가톨릭대학교,전남,사립,607 
대학교,부산장신대학교,경남,사립,334 
대학교,금강대학교,충남,사립,743 
대학교,대구외국어대학교,경북,사립,492 
대학교,예수대학교,전북,사립,625 
대학교,한국국제대학교,경남,사립,5224 
대학교,한북대학교,경기,사립,1424 
대학교,광주대학교,광주,사립,10048 
대학교,신경대학교,경기,사립,1499 
대학교,동명대학교,부산,사립,13497 
대학교,영산대학교,경남,사립,4364 
대학교,영산대학교,부산,사립,5148 
대학교,대전신학대학교,대전,사립,242 
대학교,중원대학교,충북,사립,4713 
대학교,우송대학교,대전,사립,12569 
대학교,김천대학교,경북,사립,4942 
대학교,한려대학교,전남,사립,840 
대학교,송원대학교,광주,사립,3098 
대학교,경운대학교,경북,사립,5298 
대학교,남서울대학교,충남,사립,10297 
대학교,초당대학교,전남,사립,3635 
대학교,한국산업기술대학교,경기,사립,7054 
대학교,제주국제대학교,제주,사립,1591 
대학교,창신대학교,경남,사립,1487 
대학교,신한대학교 ,경기,사립,857 
대학교,신한대학교 ,경기,사립,3219 
대학교,울산과학기술대학교,울산,국립대법인,4146 
대학교,한국과학기술원,대전,특별법법인,4625 
대학교,광주과학기술원,광주,특별법법인,616 
대학교,대구경북과학기술원,대구,특별법법인,367 
대학교,한국전통문화대학교,충남,특별법국립,751 
산업대학,한밭대학교,대전,국립,4629 
산업대학,서울과학기술대학교,서울,국립,5930 
산업대학,한경대학교,경기,국립,2994 
산업대학,진주산업대학교,경남,국립,1309 
산업대학,한국교통대학교,충북,국립,767 
산업대학,한국산업기술대학교,경기,사립,3413 
산업대학,남서울대학교,충남,사립,4649 
산업대학,영산대학교(산업대),경남,사립,20 
산업대학,영산대학교(산업대),부산,사립,17 
산업대학,우송대학교,대전,사립,2 
산업대학,호원대학교,전북,사립,7830 
산업대학,초당대학교,전남,사립,1895 
산업대학,청운대학교,충남,사립,9393 
산업대학,경운대학교,경북,사립,1831 
기술대학,정석대학,서울,사립,122 
각종대학(전문),구세군사관학교,경기,사립,9 
각종대학(대학),대전신학교,대전,사립,11 
각종대학(대학),순복음총회신학교,충북,사립,305 
각종대학(대학),한국예술종합학교,서울,특별법국립,3173 
원격대학(전문),세계사이버대학,경기,사립,2195 
원격대학(대학),영남사이버대학교,경북,사립,1080 
사내대학(전문),삼성중공업공과대학,경남,사립,80 
사내대학(전문),SPC식품과학대학,서울,사립,52 
사내대학(전문),대우조선해양공과대학,경남,사립,124 
사내대학(전문),현대중공업공과대학,울산,사립,123 
사내대학(전문),포스코기술대학,경북,사립,55 
사내대학(전문),포스코기술대학,전남,사립,40 
사내대학(대학),삼성전자공과대학교,경기,사립,91 
사내대학(대학),KDB금융대학교,서울,사립,113 
사내대학(대학),LH토지주택대학교,대전,사립,104 
사이버대학(대학),경희사이버대학교,서울,사립,10130 
사이버대학(대학),국제사이버대학교,경기,사립,2767 
사이버대학(대학),대구사이버대학교,경북,사립,4797 
사이버대학(대학),부산디지털대학교,부산,사립,3174 
사이버대학(대학),서울디지털대학교,서울,사립,12462 
사이버대학(대학),서울사이버대학교,서울,사립,12626 
사이버대학(대학),세종사이버대학교 ,서울,사립,6466 
사이버대학(대학),열린사이버대학교,서울,사립,3109 
사이버대학(대학),원광디지털대학교,전북,사립,5125 
사이버대학(대학),고려사이버대학교,서울,사립,11884 
사이버대학(대학),숭실사이버대학교,서울,사립,5783 
사이버대학(대학),디지털서울문화예술대학교,서울,사립,4556 
사이버대학(대학),한양사이버대학교,서울,사립,15917 
사이버대학(대학),사이버한국외국어대학교,서울,사립,6566 
사이버대학(대학),화신사이버대학교,부산,사립,1292 
사이버대학(대학),글로벌사이버대학교,충남,사립,2623 
사이버대학(대학),건양사이버대학교,대전,사립,2647 
사이버대학(전문),영진사이버대학,대구,사립,3690 
사이버대학(전문),한국복지사이버대학,경북,사립,1914 
전공대학,국제예술대학,서울,사립,726 
전공대학,백석예술대학교,서울,사립,8562 
전공대학,정화예술대학,서울,사립,1801 
전공대학,정화예술대학,서울,사립,674 
기능대학,ICT폴리텍대학,경기,사립,651 
기능대학,한국폴리텍Ⅰ대학 서울정수캠퍼스,서울,사립,2269 
기능대학,한국폴리텍 I 대학 서울강서캠퍼스,서울,사립,1036 
기능대학,한국폴리텍 I 대학 성남캠퍼스,경기,사립,1835 
기능대학,한국폴리텍대학 인천캠퍼스,인천,사립,3674 
기능대학,한국폴리텍 II 안성캠퍼스,경기,사립,674 
기능대학,한국폴리텍 III 대학 춘천캠퍼스,강원,사립,592 
기능대학,한국폴리텍 III 대학 강릉캠퍼스,강원,사립,94 
기능대학,한국폴리텍 III 대학 원주캠퍼스,강원,사립,12 
기능대학,한국폴리텍 IV 대학 대전캠퍼스,대전,사립,1746 
기능대학,한국폴리텍 IV 대학 청주캠퍼스,충북,사립,1324 
기능대학,한국폴리텍 IV 대학 아산캠퍼스,충남,사립,963 
기능대학,한국폴리텍 IV 대학 홍성캠퍼스,충남,사립,436 
기능대학,한국폴리텍V대학 광주캠퍼스,광주,사립,1390 
기능대학,한국폴리텍 V 대학 김제캠퍼스,전북,사립,946 
기능대학,한국폴리텍V대학 목포캠퍼스,전남,사립,517 
기능대학,한국폴리텍대학 익산캠퍼스,전북,사립,90 
기능대학,한국폴리텍대학 대구캠퍼스,대구,사립,1778 
기능대학,한국폴리텍대학 구미캠퍼스,경북,사립,1044 
기능대학,한국폴리텍 Ⅵ 대학 영주캠퍼스,경북,사립,61 
기능대학,한국폴리텍대학 창원캠퍼스,경남,사립,2476 
기능대학,한국폴리텍Ⅶ대학 부산캠퍼스,부산,사립,1681 
기능대학,한국폴리텍 VII 대학 울산캠퍼스,울산,사립,1451 
기능대학,한국폴리텍대학바이오캠퍼스,충남,사립,580 
기능대학,한국폴리텍 섬유패션캠퍼스,대구,사립,506 
기능대학,한국폴리텍대학 항공캠퍼스,경남,사립,1047 
대학원대학,한국개발연구원국제정책대학원대학교,세종,사립,706 
대학원대학,대한신학대학원대학교,경기,사립,208 
대학원대학,베뢰아국제대학원대학교,서울,사립,102 
대학원대학,건신대학원대학교,대전,사립,178 
대학원대학,성산효대학원대학교,인천,사립,292 
대학원대학,원불교대학원대학교,전북,사립,65 
대학원대학,웨스트민스터신학대학원대학교,경기,사립,386 
대학원대학,합동신학대학원대학교,경기,사립,349 
대학원대학,횃불트리니티신학대학원대학교,서울,사립,524 
대학원대학,국제신학대학원대학교,서울,사립,353 
대학원대학,서울성경신학대학원대학교,서울,사립,68 
대학원대학,예일신학대학원대학교,서울,사립,112 
대학원대학,계약신학대학원대학교,경기,사립,33 
대학원대학,서울사회복지대학원대학교,서울,사립,92 
대학원대학,중앙신학대학원대학교,경기,사립,330 
대학원대학,국제법률경영대학원대학교,경기,사립,87 
대학원대학,국제영어대학원대학교,서울,사립,96 
대학원대학,국제뇌교육종합대학원대학교,충남,사립,257 
대학원대학,서울불교대학원대학교,서울,사립,184 
대학원대학,서울외국어대학원대학교,서울,사립,154 
대학원대학,서울벤처대학원대학교,서울,사립,267 
대학원대학,성서침례대학원대학교,경기,사립,72 
대학원대학,에스라성경대학원대학교,경기,사립,113 
대학원대학,개신대학원대학교,서울,사립,123 
대학원대학,과학기술연합대학원대학교,대전,기타,1103 
대학원대학,서울과학종합대학원대학교,서울,사립,373 
대학원대학,청심신학대학원대학교,경기,사립,76 
대학원대학,경안신학대학원대학교,경북,사립,83 
대학원대학,동방문화대학원대학교,서울,사립,248 
대학원대학,북한대학원대학교,서울,사립,199 
대학원대학,순복음대학원대학교,서울,사립,169 
대학원대학,실천신학대학원대학교,경기,사립,86 
대학원대학,한림국제대학원대학교,서울,사립,261 
대학원대학,인제대학원대학교,서울,사립,59 
대학원대학,한반도국제대학원대학교,서울,사립,104 
대학원대학,한독미디어대학원대학교,서울,사립,113 
대학원대학,용문상담심리대학원대학교,서울,사립,128 
대학원대학,한국상담대학원대학교,서울,사립,204 
대학원대학,서울제일대학원대학교,서울,사립,9 
대학원대학,주안대학원대학교,인천,사립,59 
대학원대학,한국전력국제원자력대학원대학교,울산,사립,106 
대학원대학,국제암대학원대학교,경기,특별법법인,44 
대학원대학,능인불교대학원대학교,경기,사립,47 
대학원대학,크리스찬치유상담대학원대학교,서울,사립,156 
대학원대학,구세군사관대학원대학교,경기,사립,35 
대학원대학,한국학대학원,경기,특별법법인,289 
대학부설대학원,강릉원주대학교대학원,강원,국립,353 
대학부설대학원,강릉원주대학교대학원,강원,국립,56 
대학부설대학원,강릉원주대학교경영정책과학대학원,강원,국립,42 
대학부설대학원,강릉원주대학교경영정책과학대학원,강원,국립,6 
대학부설대학원,강릉원주대학교교육대학원,강원,국립,203 
대학부설대학원,강릉원주대학교교육대학원,강원,국립,39 
대학부설대학원,강릉원주대학교산업대학원,강원,국립,17 
대학부설대학원,강릉원주대학교산업대학원,강원,국립,9 
대학부설대학원,강원대학교일반대학원,강원,국립,2386 
대학부설대학원,강원대학교 경영대학원,강원,국립,115 
대학부설대학원,강원대학교교육대학원,강원,국립,620 
대학부설대학원,강원대학교 산업과학대학원,강원,국립,152 
대학부설대학원,강원대학교산업대학원,강원,국립,114 
대학부설대학원,강원대학교법학전문대학원,강원,국립,125 
대학부설대학원,강원대학교 의학전문대학원,강원,국립,205 
대학부설대학원,강원대학교 정보과학ㆍ행정대학원,강원,국립,136 
대학부설대학원,강원대학교 법무전문대학원,강원,국립,1 
대학부설대학원,강원대학교 방재전문대학원,강원,국립,51 
대학부설대학원,강원대학교 녹색생명산업정책대학원,강원,국립,43 
대학부설대학원,경북대학교 일반대학원,대구,국립,4319 
대학부설대학원,경북대학교 경영대학원,대구,국립,381 
대학부설대학원,경북대학교 교육대학원,대구,국립,808 
대학부설대학원,경북대학교 국제대학원,대구,국립,93 
대학부설대학원,경북대학교 보건대학원,대구,국립,129 
대학부설대학원,경북대학교 산업대학원,대구,국립,285 
대학부설대학원,경북대학교 정책정보대학원,대구,국립,197 
대학부설대학원,경북대학교 행정대학원,대구,국립,177 
대학부설대학원,경북대학교 과학기술대학원,경북,국립,159 
대학부설대학원,경북대학교 법학전문대학원,대구,국립,418 
대학부설대학원,경북대학교 수사과학대학원,대구,국립,99 
대학부설대학원,경북대학교 의학전문대학원,대구,국립,448 
대학부설대학원,경북대학교 치의학전문대학원,대구,국립,244 
대학부설대학원,경북대학교 농업생명융합대학원,대구,국립,82 
대학부설대학원,경상대학교대학원,경남,국립,1568 
대학부설대학원,경상대학교경영대학원,경남,국립,178 
대학부설대학원,경상대학교교육대학원,경남,국립,424 
대학부설대학원,경상대학교 보건대학원,경남,국립,45 
대학부설대학원,경상대학교행정대학원,경남,국립,147 
대학부설대학원,경상대학교 의학전문대학원,경남,국립,338 
대학부설대학원,경상대학교 융합과학기술대학원,경남,국립,141 
대학부설대학원,경상대학교 항공우주특성화대학원,경남,국립,53 
대학부설대학원,경상대학교 식의약품대학원,경남,국립,22 
대학부설대학원,경상대학교 토지주택대학원,경남,국립,31 
대학부설대학원,공주대학교대학원,충남,국립,1662 
대학부설대학원,공주대학교경영행정대학원,충남,국립,128 
대학부설대학원,공주대학교교육대학원,충남,국립,893 
대학부설대학원,공주대학교산업과학대학원,충남,국립,108 
대학부설대학원,공주대학교특수교육대학원,충남,국립,196 
대학부설대학원,공주대학교 테크노전략대학원,충남,국립,73 
대학부설대학원,공주대학교 안보과학대학원,충남,국립,99 
대학부설대학원,공주대학교 문화유산대학원,충남,국립,61 
대학부설대학원,군산대학교대학원,전북,국립,507 
대학부설대학원,군산대학교경영행정대학원,전북,국립,32 
대학부설대학원,군산대학교교육대학원,전북,국립,295 
대학부설대학원,군산대학교산업대학원,전북,국립,61 
대학부설대학원,금오공과대학교대학원,경북,국립,420 
대학부설대학원,금오공과대학교교육대학원,경북,국립,38 
대학부설대학원,금오공과대학교산업대학원,경북,국립,177 
대학부설대학원,금오공과대학교 컨설팅대학원,경북,국립,73 
대학부설대학원,목포대학교대학원,전남,국립,667 
대학부설대학원,목포대학교경영행정대학원,전남,국립,92 
대학부설대학원,목포대학교 교육대학원,전남,국립,461 
대학부설대학원,목포대학교산업기술대학원,전남,국립,54 
대학부설대학원,목포해양대학교대학원,전남,국립,145 
대학부설대학원,목포해양대학교해양산업대학원,전남,국립,17 
대학부설대학원,부경대학교대학원,부산,국립,1825 
대학부설대학원,부경대학교 경영대학원,부산,국립,219 
대학부설대학원,부경대학교 교육대학원,부산,국립,467 
대학부설대학원,부경대학교 국제대학원,부산,국립,106 
대학부설대학원,부경대학교 산업대학원,부산,국립,238 
대학부설대학원,부경대학교 글로벌수산대학원,부산,국립,85 
대학부설대학원,부경대학교 과학기술융합전문대학원,부산,국립,31 
대학부설대학원,부산대학교 일반대학원,부산,국립,5242 
대학부설대학원,부산대학교 경영대학원,부산,국립,460 
대학부설대학원,부산대학교 교육대학원,부산,국립,956 
대학부설대학원,부산대학교 산업대학원,부산,국립,329 
대학부설대학원,부산대학교 행정대학원,부산,국립,254 
대학부설대학원,부산대학교 환경대학원,부산,국립,53 
대학부설대학원,부산대학교 한의학전문대학원,경남,국립,258 
대학부설대학원,부산대학교 국제전문대학원,부산,국립,188 
대학부설대학원,부산대학교 법학전문대학원,부산,국립,420 
대학부설대학원,부산대학교 의학전문대학원,경남,국립,580 
대학부설대학원,부산대학교 치의학전문대학원,경남,국립,366 
대학부설대학원,부산대학교 경제통상대학원,부산,국립,168 
대학부설대학원,부산대학교 기술창업대학원,부산,국립,22 
대학부설대학원,서울대학교 대학원,서울,국립대법인,10192 
대학부설대학원,서울대학교 국제대학원,서울,국립대법인,319 
대학부설대학원,서울대학교 보건대학원,서울,국립대법인,244 
대학부설대학원,서울대학교 행정대학원,서울,국립대법인,576 
대학부설대학원,서울대학교 환경대학원,서울,국립대법인,204 
대학부설대학원,서울대학교 경영전문대학원,서울,국립대법인,301 
대학부설대학원,서울대학교 법학전문대학원,서울,국립대법인,551 
대학부설대학원,서울대학교 치의학대학원,서울,국립대법인,444 
대학부설대학원,서울대학교 의학대학원,서울,국립대법인,216 
대학부설대학원,서울대학교 융합과학기술대학원,서울,국립대법인,274 
대학부설대학원,서울대학교 국제농업기술대학원,강원,국립대법인,16 
대학부설대학원,순천대학교일반대학원,전남,국립,495 
대학부설대학원,순천대학교경영행정대학원,전남,국립,62 
대학부설대학원,순천대학교교육대학원,전남,국립,335 
대학부설대학원,순천대학교산업대학원,전남,국립,35 
대학부설대학원,순천대학교 사회문화예술대학원,전남,국립,45 
대학부설대학원,안동대학교대학원,경북,국립,539 
대학부설대학원,안동대학교교육대학원,경북,국립,232 
대학부설대학원,안동대학교행정경영대학원,경북,국립,134 
대학부설대학원,안동대학교 한국문화산업전문대학원,경북,국립,60 
대학부설대학원,전남대학교대학원,광주,국립,3803 
대학부설대학원,전남대학교교육대학원,광주,국립,649 
대학부설대학원,전남대학교산업대학원,광주,국립,194 
대학부설대학원,전남대학교 정책대학원,광주,국립,95 
대학부설대학원,전남대학교행정대학원,광주,국립,122 
대학부설대학원,전남대학교 경영전문대학원,광주,국립,134 
대학부설대학원,전남대학교 법학전문대학원,광주,국립,402 
대학부설대학원,전남대학교 의학전문대학원,광주,국립,199 
대학부설대학원,전남대학교 치의학전문대학원,광주,국립,352 
대학부설대학원,전남대학교 산학협력대학원,전남,국립,12 
대학부설대학원,전남대학교 수산해양대학원,전남,국립,11 
대학부설대학원,전남대학교 문화전문대학원,광주,국립,69 
대학부설대학원,전북대학교 대학원,전북,국립,2775 
대학부설대학원,전북대학교 경영대학원,전북,국립,198 
대학부설대학원,전북대학교 교육대학원,전북,국립,518 
대학부설대학원,전북대학교 법무대학원,전북,국립,36 
대학부설대학원,전북대학교 보건대학원,전북,국립,12 
대학부설대학원,전북대학교 산업기술대학원,전북,국립,66 
대학부설대학원,전북대학교 정보과학대학원,전북,국립,9 
대학부설대학원,전북대학교 행정대학원,전북,국립,176 
대학부설대학원,전북대학교 환경대학원,전북,국립,44 
대학부설대학원,전북대학교 법학전문대학원,전북,국립,262 
대학부설대학원,전북대학교 의학전문대학원,전북,국립,458 
대학부설대학원,전북대학교 치의학전문대학원,전북,국립,161 
대학부설대학원,전북대학교 생명자원과학대학원,전북,국립,35 
대학부설대학원,전북대학교 유연인쇄전자전문대학원,전북,국립,29 
대학부설대학원,제주대학교대학원,제주,국립,1154 
대학부설대학원,제주대학교경영대학원,제주,국립,313 
대학부설대학원,제주대학교교육대학원,제주,국립,575 
대학부설대학원,제주대학교 사회교육대학원,제주,국립,80 
대학부설대학원,제주대학교산업대학원,제주,국립,129 
대학부설대학원,제주대학교 통역번역대학원,제주,국립,78 
대학부설대학원,제주대학교행정대학원,제주,국립,131 
대학부설대학원,제주대학교 법학전문대학원,제주,국립,128 
대학부설대학원,제주대학교 의학전문대학원,제주,국립,218 
대학부설대학원,창원대학교 대학원,경남,국립,798 
대학부설대학원,창원대학교 경영대학원,경남,국립,225 
대학부설대학원,창원대학교 교육대학원,경남,국립,159 
대학부설대학원,창원대학교 보건대학원,경남,국립,78 
대학부설대학원,창원대학교 사회복지대학원,경남,국립,98 
대학부설대학원,창원대학교 산업대학원,경남,국립,264 
대학부설대학원,창원대학교 행정대학원,경남,국립,87 
대학부설대학원,창원대학교 그린에너지대학원,경남,국립,1 
대학부설대학원,충남대학교대학원,대전,국립,3365 
대학부설대학원,충남대학교경영대학원,대전,국립,247 
대학부설대학원,충남대학교교육대학원,대전,국립,819 
대학부설대학원,충남대학교보건대학원,대전,국립,76 
대학부설대학원,충남대학교산업대학원,대전,국립,216 
대학부설대학원,충남대학교특허법무대학원,대전,국립,88 
대학부설대학원,충남대학교행정대학원,대전,국립,183 
대학부설대학원,충남대학교 법학전문대학원,대전,국립,341 
대학부설대학원,충남대학교평화안보대학원,대전,국립,134 
대학부설대학원,충남대학교 의학전문대학원,대전,국립,441 
대학부설대학원,충남대학교 분석과학기술대학원,대전,국립,47 
대학부설대학원,충남대학교 신약전문대학원,대전,국립,39 
대학부설대학원,충남대학교 국가정책대학원,대전,국립,89 
대학부설대학원,충남대학교 에너지과학기술대학원,대전,국립,61 
대학부설대학원,충북대학교 대학원,충북,국립,2436 
대학부설대학원,충북대학교경영대학원,충북,국립,207 
대학부설대학원,충북대학교 교육대학원,충북,국립,474 
대학부설대학원,충북대학교 법무대학원,충북,국립,40 
대학부설대학원,충북대학교 산업대학원,충북,국립,132 
대학부설대학원,충북대학교 행정대학원,충북,국립,67 
대학부설대학원,충북대학교 법학전문대학원,충북,국립,266 
대학부설대학원,충북대학교 의학전문대학원,충북,국립,77 
대학부설대학원,충북대학교 의생명과학경영융합대학원,충북,국립,36 
대학부설대학원,한국교원대학교대학원,충북,국립,1279 
대학부설대학원,한국교원대학교교육대학원,충북,국립,2557 
대학부설대학원,한국교원대학교 교육정책전문대학원,충북,국립,159 
대학부설대학원,한국체육대학교 대학원,서울,국립,313 
대학부설대학원,한국체육대학교 교육대학원,서울,국립,75 
대학부설대학원,한국체육대학교 사회체육대학원,서울,국립,399 
대학부설대학원,한국해양대학교대학원,부산,국립,658 
대학부설대학원,한국해양대학교 교육대학원,부산,국립,9 
대학부설대학원,한국해양대학교해사산업대학원,부산,국립,137 
대학부설대학원,한국해양대학교 해양과학기술전문대학원,부산,국립,64 
대학부설대학원,한국해양대학교 해양금융물류대학원,부산,국립,131 
대학부설대학원,한국교통대학교 대학원,충북,국립,333 
대학부설대학원,한국교통대학교 경영행정대학원,충북,국립,57 
대학부설대학원,한국교통대학교 교육대학원,충북,국립,65 
대학부설대학원,한국교통대학교 교통대학원,충북,국립,75 
대학부설대학원,한국교통대학교 산업대학원,충북,국립,149 
대학부설대학원,한국교통대학교 인문대학원,충북,국립,53 
대학부설대학원,경남과학기술대학교 대학원,경남,국립,202 
대학부설대학원,경남과학기술대학교 창업대학원,경남,국립,67 
대학부설대학원,경남과학기술대학교 산업복지대학원,경남,국립,110 
대학부설대학원,서울과학기술대학교 일반대학원,서울,국립,616 
대학부설대학원,서울과학기술대학교 산업대학원,서울,국립,410 
대학부설대학원,서울과학기술대학교 주택대학원,서울,국립,111 
대학부설대학원,서울과학기술대학교 철도전문대학원,서울,국립,229 
대학부설대학원,서울과학기술대학교 IT정책전문대학원,서울,국립,131 
대학부설대학원,서울과학기술대학교 에너지환경대학원,서울,국립,149 
대학부설대학원,서울과학기술대학교 NID융합기술대학원,서울,국립,141 
대학부설대학원,한경대학교 일반대학원,경기,국립,142 
대학부설대학원,한경대학교 공공정책대학원,경기,국립,94 
대학부설대학원,한경대학교 산업대학원,경기,국립,59 
대학부설대학원,한경대학교 국제개발협력대학원,경기,국립,23 
대학부설대학원,한경대학교 미래융합기술대학원,경기,국립,99 
대학부설대학원,한밭대학교 일반대학원,대전,국립,240 
대학부설대학원,한밭대학교 산업대학원,대전,국립,118 
대학부설대학원,한밭대학교 정보통신전문대학원,대전,국립,106 
대학부설대학원,한밭대학교 창업경영대학원,대전,국립,131 
대학부설대학원,서울시립대학교대학원,서울,공립,1196 
대학부설대학원,서울시립대학교 경영대학원,서울,공립,276 
대학부설대학원,서울시립대학교 교육대학원,서울,공립,144 
대학부설대학원,서울시립대학교 과학기술대학원,서울,공립,215 
대학부설대학원,서울시립대학교 디자인전문대학원,서울,공립,45 
대학부설대학원,서울시립대학교 도시과학대학원,서울,공립,678 
대학부설대학원,서울시립대학교 법학전문대학원,서울,공립,157 
대학부설대학원,서울시립대학교 세무전문대학원,서울,공립,132 
대학부설대학원,서울시립대학교 국제도시과학대학원,서울,공립,138 
대학부설대학원,인천대학교대학원,인천,국립대법인,599 
대학부설대학원,인천대학교 경영대학원,인천,국립대법인,76 
대학부설대학원,인천대학교교육대학원,인천,국립대법인,496 
대학부설대학원,인천대학교행정대학원,인천,국립대법인,102 
대학부설대학원,인천대학교 정보기술대학원,인천,국립대법인,22 
대학부설대학원,인천대학교 공학대학원,인천,국립대법인,65 
대학부설대학원,인천대학교 문화대학원,인천,국립대법인,14 
대학부설대학원,인천대학교동북아물류대학원,인천,국립대법인,89 
대학부설대학원,가야대학교일반대학원,경북,사립,19 
대학부설대학원,가야대학교 보건대학원,경남,사립,69 
대학부설대학원,가야대학교행정대학원,경남,사립,111 
대학부설대학원,가톨릭대학교 일반대학원,서울,사립,883 
대학부설대학원,가톨릭대학교 일반대학원,서울,사립,105 
대학부설대학원,가톨릭대학교대학원,경기,사립,552 
대학부설대학원,가톨릭대학교경영대학원,경기,사립,26 
대학부설대학원,가톨릭대학교교육대학원,경기,사립,278 
대학부설대학원,가톨릭대학교 교회음악대학원,서울,사립,26 
대학부설대학원,가톨릭대학교 보건대학원,서울,사립,173 
대학부설대학원,가톨릭대학교사회복지대학원,경기,사립,232 
대학부설대학원,가톨릭대학교행정대학원,경기,사립,43 
대학부설대학원,가톨릭대학교 의료경영대학원,서울,사립,95 
대학부설대학원,가톨릭대학교 임상치과학대학원,서울,사립,61 
대학부설대학원,가톨릭대학교 임상간호대학원,서울,사립,119 
대학부설대학원,가톨릭대학교문화영성대학원,경기,사립,62 
대학부설대학원,가톨릭대학교 상담심리대학원,경기,사립,242 
대학부설대학원,가톨릭대학교 의학전문대학원,서울,사립,382 
대학부설대학원,가톨릭대학교 생명대학원,서울,사립,50 
대학부설대학원,가톨릭대학교 글로벌융합대학원,서울,사립,39 
대학부설대학원,감리교신학대학교대학원,서울,사립,185 
대학부설대학원,감리교신학대학교목회신학대학원,서울,사립,147 
대학부설대학원,감리교신학대학교신학대학원,서울,사립,446 
대학부설대학원,강남대학교대학원,경기,사립,176 
대학부설대학원,강남대학교 경영대학원,경기,사립,7 
대학부설대학원,강남대학교교육대학원,경기,사립,151 
대학부설대학원,강남대학교사회복지전문대학원,경기,사립,104 
대학부설대학원,강남대학교실천신학대학원,경기,사립,20 
대학부설대학원,강남대학교 부동산·법무·행정대학원,경기,사립,33 
대학부설대학원,건국대학교 일반대학원,충북,사립,326 
대학부설대학원,건국대학교일반대학원,서울,사립,2484 
대학부설대학원,건국대학교경영대학원,서울,사립,22 
대학부설대학원,건국대학교 교육대학원,충북,사립,107 
대학부설대학원,건국대학교교육대학원,서울,사립,784 
대학부설대학원,건국대학교농축대학원,서울,사립,182 
대학부설대학원,건국대학교사회과학대학원,충북,사립,114 
대학부설대학원,건국대학교산업대학원,서울,사립,383 
대학부설대학원,건국대학교언론홍보대학원,서울,사립,166 
대학부설대학원,건국대학교정보통신대학원,서울,사립,320 
대학부설대학원,건국대학교행정대학원,서울,사립,298 
대학부설대학원,건국대학교건축전문대학원,서울,사립,147 
대학부설대학원,건국대학교 예술디자인대학원,서울,사립,349 
대학부설대학원,건국대학교부동산대학원,서울,사립,657 
대학부설대학원,건국대학교 경영전문대학원,서울,사립,99 
대학부설대학원,건국대학교 법학전문대학원,서울,사립,137 
대학부설대학원,건국대학교 의학전문대학원,충북,사립,170 
대학부설대학원,건양대학교 일반대학원,대전,사립,306 
대학부설대학원,건양대학교 교육대학원,대전,사립,31 
대학부설대학원,건양대학교 상담대학원,대전,사립,52 
대학부설대학원,건양대학교 보건복지대학원,대전,사립,149 
대학부설대학원,건양대학교 군사경찰행정대학원,대전,사립,59 
대학부설대학원,건양대학교 경영사회복지대학원,대전,사립,65 
대학부설대학원,건양대학교 바이오비임상대학원,대전,사립,30 
대학부설대학원,경기대학교 일반대학원,서울,사립,1013 
대학부설대학원,경기대학교 교육대학원,경기,사립,521 
대학부설대학원,경기대학교 문화예술대학원,서울,사립,2 
대학부설대학원,경기대학교사회복지대학원,서울,사립,4 
대학부설대학원,경기대학교 예술대학원,서울,사립,81 
대학부설대학원,경기대학교 행정대학원,경기,사립,9 
대학부설대학원,경기대학교 행정사회복지대학원,경기,사립,98 
대학부설대학원,경기대학교 관광전문대학원,서울,사립,175 
대학부설대학원,경기대학교 서비스경영전문대학원,서울,사립,101 
대학부설대학원,경기대학교 스포츠과학대학원,경기,사립,6 
대학부설대학원,경기대학교대체의학대학원,서울,사립,110 
대학부설대학원,경기대학교정치전문대학원,서울,사립,106 
대학부설대학원,경기대학교 미술·디자인대학원,경기,사립,3 
대학부설대학원,경기대학교 건설·산업대학원,경기,사립,108 
대학부설대학원,경남대학교대학원,경남,사립,452 
대학부설대학원,경남대학교교육대학원,경남,사립,392 
대학부설대학원,경남대학교 산업경영대학원,경남,사립,311 
대학부설대학원,경남대학교행정대학원,경남,사립,284 
대학부설대학원,대구한의대학교 대학원,경북,사립,370 
대학부설대학원,대구한의대학교 교육대학원,경북,사립,35 
대학부설대학원,대구한의대학교 보건복지대학원,경북,사립,93 
대학부설대학원,대구한의대학교 한방산업대학원,경북,사립,37 
대학부설대학원,경성대학교 일반대학원,부산,사립,386 
대학부설대학원,경성대학교 경영대학원,부산,사립,57 
대학부설대학원,경성대학교 교육대학원,부산,사립,268 
대학부설대학원,경성대학교 사회복지대학원,부산,사립,72 
대학부설대학원,경성대학교 멀티미디어대학원,부산,사립,47 
대학부설대학원,경성대학교 임상약학보건대학원,부산,사립,46 
대학부설대학원,가천대학교 일반대학원,경기,사립,973 
대학부설대학원,가천대학교 경영대학원,경기,사립,136 
대학부설대학원,가천대학교 교육대학원,경기,사립,307 
대학부설대학원,가천대학교 보건대학원,인천,사립,104 
대학부설대학원,가천대학교 산업환경대학원,경기,사립,94 
대학부설대학원,가천대학교 행정대학원,경기,사립,133 
대학부설대학원,가천대학교 간호대학원,인천,사립,90 
대학부설대학원,가천대학교 특수치료대학원,경기,사립,256 
대학부설대학원,가천대학교 의학전문대학원,인천,사립,164 
대학부설대학원,가천대학교 스포츠문화대학원,경기,사립,31 
대학부설대학원,경일대학교 일반대학원,경북,사립,175 
대학부설대학원,경일대학교 산업경영대학원,경북,사립,38 
대학부설대학원,경일대학교 보건복지대학원,경북,사립,18 
대학부설대학원,경주대학교일반대학원,경북,사립,57 
대학부설대학원,경주대학교산업경영대학원,경북,사립,1 
대학부설대학원,경주대학교 문화관광복지대학원,경북,사립,47 
대학부설대학원,경희대학교대학원,서울,사립,3738 
대학부설대학원,경희대학교경영대학원,서울,사립,1134 
대학부설대학원,경희대학교관광대학원,서울,사립,292 
대학부설대학원,경희대학교교육대학원,서울,사립,1088 
대학부설대학원,경희대학교 국제대학원,경기,사립,201 
대학부설대학원,경희대학교 법무대학원,서울,사립,82 
대학부설대학원,경희대학교언론정보대학원,서울,사립,158 
대학부설대학원,경희대학교 테크노경영대학원,경기,사립,276 
대학부설대학원,경희대학교평화복지대학원,경기,사립,34 
대학부설대학원,경희대학교행정대학원,서울,사립,30 
대학부설대학원,경희대학교 체육대학원,경기,사립,130 
대학부설대학원,경희대학교NGO대학원,서울,사립,8 
대학부설대학원,경희대학교 동서의학대학원,경기,사립,122 
대학부설대학원,경희대학교 아트퓨전디자인대학원,경기,사립,114 
대학부설대학원,경희대학교 법학전문대학원,서울,사립,225 
대학부설대학원,경희대학교 의학전문대학원,서울,사립,453 
대학부설대학원,경희대학교 치의학전문대학원,서울,사립,326 
대학부설대학원,경희대학교 공공대학원,서울,사립,361 
대학부설대학원,계명대학교 대학원,대구,사립,1341 
대학부설대학원,계명대학교 경영대학원,대구,사립,166 
대학부설대학원,계명대학교 교육대학원,대구,사립,591 
대학부설대학원,계명대학교 스포츠산업대학원,대구,사립,72 
대학부설대학원,계명대학교 연합신학대학원,대구,사립,134 
대학부설대학원,계명대학교 예술대학원,대구,사립,73 
대학부설대학원,계명대학교 정책대학원,대구,사립,138 
대학부설대학원,계명대학교 유아교육대학원,대구,사립,90 
대학부설대학원,계명대학교 글로벌창업대학원,대구,사립,48 
대학부설대학원,계명대학교 융합공학대학원,대구,사립,9 
대학부설대학원,고려대학교 대학원,서울,사립,5483 
대학부설대학원,고려대학교 일반대학원,세종,사립,616 
대학부설대학원,고려대학교 경영대학원,서울,사립,1 
대학부설대학원,고려대학교 세종캠퍼스 경영정보대학원,세종,사립,125 
대학부설대학원,고려대학교 교육대학원,서울,사립,1342 
대학부설대학원,고려대학교 국제대학원,서울,사립,313 
대학부설대학원,고려대학교 노동대학원,서울,사립,161 
대학부설대학원,고려대학교 법무대학원,서울,사립,250 
대학부설대학원,고려대학교 보건대학원,서울,사립,146 
대학부설대학원,고려대학교 언론대학원,서울,사립,230 
대학부설대학원,고려대학교 세종캠퍼스 인문정보대학원,세종,사립,55 
대학부설대학원,고려대학교 정책대학원,서울,사립,315 
대학부설대학원,고려대학교 세종캠퍼스 행정대학원,대전,사립,158 
대학부설대학원,고려대학교 임상치의학대학원,서울,사립,89 
대학부설대학원,고려대학교 컴퓨터정보통신대학원,서울,사립,151 
대학부설대학원,고려대학교 세종캠퍼스 의용과학대학원,세종,사립,99 
대학부설대학원,고려대학교 정보보호대학원,서울,사립,341 
대학부설대학원,고려대학교 경영전문대학원,서울,사립,609 
대학부설대학원,고려대학교 공학대학원,서울,사립,102 
대학부설대학원,고려대학교 법학전문대학원,서울,사립,426 
대학부설대학원,고려대학교 생명환경과학대학원,서울,사립,187 
대학부설대학원,고려대학교 의학전문대학원,서울,사립,165 
대학부설대학원,고려대학교 융합소프트웨어전문대학원,서울,사립,2 
대학부설대학원,고려대학교 그린스쿨(에너지환경정책기술대학원),서울,사립,61 
대학부설대학원,고려대학교 기술경영전문대학원,서울,사립,107 
대학부설대학원,고려대학교 KU-KIST융합대학원,서울,사립,73 
대학부설대학원,고신대학교 대학원,부산,사립,418 
대학부설대학원,고신대학교교육대학원,부산,사립,42 
대학부설대학원,고신대학교 교회음악대학원,부산,사립,44 
대학부설대학원,고신대학교보건대학원,부산,사립,133 
대학부설대학원,고신대학교신학대학원,충남,사립,519 
대학부설대학원,고신대학교기독교상담대학원,부산,사립,71 
대학부설대학원,고신대학교 선교목회대학원,부산,사립,89 
대학부설대학원,가톨릭관동대학교 일반대학원,강원,사립,273 
대학부설대학원,가톨릭관동대학교 경영행정·사회복지대학원,강원,사립,80 
대학부설대학원,가톨릭관동대학교 교육대학원,강원,사립,167 
대학부설대학원,가톨릭관동대학교 선교신학대학원,강원,사립,3 
대학부설대학원,가톨릭관동대학교 에너지자원융합대학원,강원,사립,10 
대학부설대학원,광신대학교대학원,광주,사립,133 
대학부설대학원,광신대학교교육대학원,광주,사립,20 
대학부설대학원,광신대학교 국제대학원,광주,사립,48 
대학부설대학원,광신대학교 사회복지대학원,광주,사립,58 
대학부설대학원,광신대학교신학대학원,광주,사립,213 
대학부설대학원,광신대학교상담치료대학원,광주,사립,63 
대학부설대학원,광운대학교대학원,서울,사립,717 
대학부설대학원,광운대학교 경영대학원,서울,사립,155 
대학부설대학원,광운대학교교육대학원,서울,사립,252 
대학부설대학원,광운대학교 환경대학원,서울,사립,65 
대학부설대학원,광운대학교 건설법무대학원,서울,사립,49 
대학부설대학원,광운대학교 상담복지정책대학원,서울,사립,176 
대학부설대학원,광운대학교 정보콘텐츠대학원,서울,사립,105 
대학부설대학원,광주가톨릭대학교대학원,전남,사립,28 
대학부설대학원,광주여자대학교 일반대학원,광주,사립,89 
대학부설대학원,광주여자대학교교육대학원,광주,사립,107 
대학부설대학원,광주여자대학교 사회개발대학원,광주,사립,73 
대학부설대학원,국민대학교대학원,서울,사립,1221 
대학부설대학원,국민대학교경영대학원,서울,사립,268 
대학부설대학원,국민대학교교육대학원,서울,사립,473 
대학부설대학원,국민대학교디자인대학원,서울,사립,300 
대학부설대학원,국민대학교문예창작대학원,서울,사립,22 
대학부설대학원,국민대학교법무대학원,서울,사립,81 
대학부설대학원,국민대학교스포츠산업대학원,서울,사립,102 
대학부설대학원,국민대학교정치대학원,서울,사립,152 
대학부설대학원,국민대학교행정대학원,서울,사립,159 
대학부설대학원,국민대학교자동차공학전문대학원,서울,사립,130 
대학부설대학원,국민대학교테크노디자인전문대학원,서울,사립,208 
대학부설대학원,국민대학교공학대학원,서울,사립,31 
대학부설대학원,국민대학교비즈니스IT전문대학원,서울,사립,91 
대학부설대학원,국민대학교종합예술대학원,서울,사립,133 
대학부설대학원,국민대학교 글로벌창업벤처대학원,서울,사립,58 
대학부설대학원,국민대학교 자동차산업대학원,서울,사립,12 
대학부설대학원,그리스도대학교일반대학원,서울,사립,66 
대학부설대학원,그리스도대학교교육대학원,서울,사립,47 
대학부설대학원,그리스도대학교사회복지대학원,서울,사립,37 
대학부설대학원,그리스도대학교신학대학원,서울,사립,70 
대학부설대학원,그리스도대학교 계약학과대학원,서울,사립,9 
대학부설대학원,극동대학교일반대학원,충북,사립,37 
대학부설대학원,극동대학교교육대학원,충북,사립,27 
대학부설대학원,극동대학교 보건과학대학원,충북,사립,14 
대학부설대학원,극동대학교 글로벌대학원,충북,사립,54 
대학부설대학원,극동대학교 국제개발대학원,충북,사립,4 
대학부설대학원,나사렛대학교 일반대학원,충남,사립,134 
대학부설대학원,나사렛대학교교육대학원,충남,사립,68 
대학부설대학원,나사렛대학교 사회복지대학원,충남,사립,21 
대학부설대학원,나사렛대학교신학대학원,충남,사립,94 
대학부설대학원,나사렛대학교재활복지대학원,충남,사립,254 
대학부설대학원,단국대학교 일반대학원,경기,사립,1293 
대학부설대학원,단국대학교 일반대학원,충남,사립,543 
대학부설대학원,단국대학교 경영대학원,경기,사립,268 
대학부설대학원,단국대학교 교육대학원,경기,사립,427 
대학부설대학원,단국대학교 교육대학원,충남,사립,97 
대학부설대학원,단국대학교 국제대학원,경기,사립,58 
대학부설대학원,단국대학교 문화예술대학원,경기,사립,297 
대학부설대학원,단국대학교 정책경영대학원,충남,사립,129 
대학부설대학원,단국대학교 특수교육대학원,경기,사립,283 
대학부설대학원,단국대학교 스포츠과학대학원,충남,사립,105 
대학부설대학원,단국대학교 행정법무대학원,경기,사립,349 
대학부설대학원,단국대학교 보건복지대학원,충남,사립,123 
대학부설대학원,단국대학교 부동산·건설대학원,경기,사립,256 
대학부설대학원,단국대학교 정보미디어대학원,경기,사립,83 
대학부설대학원,단국대학교 영화콘텐츠전문대학원,경기,사립,48 
대학부설대학원,단국대학교 정보·지식재산대학원,경기,사립,33 
대학부설대학원,대구대학교대학원,경북,사립,783 
대학부설대학원,대구대학교 교육대학원,경북,사립,517 
대학부설대학원,대구대학교디자인대학원,경북,사립,24 
대학부설대학원,대구대학교사회복지대학원,경북,사립,136 
대학부설대학원,대구대학교 재활과학대학원,대구,사립,378 
대학부설대학원,대구대학교 특수교육대학원,경북,사립,152 
대학부설대학원,대구대학교 산업·행정대학원,대구,사립,75 
대학부설대학원,대구가톨릭대학교대학원,경북,사립,718 
대학부설대학원,대구가톨릭대학교교육대학원,경북,사립,457 
대학부설대학원,대구가톨릭대학교디자인대학원,경북,사립,29 
대학부설대학원,대구가톨릭대학교사회복지대학원,경북,사립,83 
대학부설대학원,대구가톨릭대학교신학대학원,대구,사립,16 
대학부설대학원,대구가톨릭대학교 상담대학원,경북,사립,76 
대학부설대학원,대구가톨릭대학교음악대학원,경북,사립,27 
대학부설대학원,대구가톨릭대학교 보건과학대학원,경북,사립,70 
대학부설대학원,대구가톨릭대학교국제·다문화대학원,경북,사립,8 
대학부설대학원,대구가톨릭대학교 의료과학대학원,경북,사립,69 
대학부설대학원,대구가톨릭대학교 창조융합대학원,경북,사립,16 
대학부설대학원,대구가톨릭대학교 몬테소리대학원,경북,사립,13 
대학부설대학원,세한대학교일반대학원,전남,사립,107 
대학부설대학원,대신대학교 대학원,경북,사립,51 
대학부설대학원,대신대학교 신학대학원,경북,사립,207 
대학부설대학원,대전가톨릭대학교 대학원,세종,사립,65 
대학부설대학원,대전대학교 일반대학원,대전,사립,600 
대학부설대학원,대전대학교 교육대학원,대전,사립,108 
대학부설대학원,대전대학교 상담대학원,대전,사립,103 
대학부설대학원,대전대학교경영행정ㆍ사회복지대학원,대전,사립,161 
대학부설대학원,대전대학교 보건의료대학원,대전,사립,147 
대학부설대학원,대진대학교 대학원,경기,사립,201 
대학부설대학원,대진대학교 교육대학원,경기,사립,126 
대학부설대학원,대진대학교 법무행정대학원,경기,사립,43 
대학부설대학원,대진대학교 통일대학원,경기,사립,73 
대학부설대학원,대진대학교 문화예술전문대학원,경기,사립,40 
대학부설대학원,서울기독대학교대학원,서울,사립,152 
대학부설대학원,서울기독대학교사회복지대학원,서울,사립,22 
대학부설대학원,서울기독대학교신학전문대학원,서울,사립,36 
대학부설대학원,서울기독대학교치유상담대학원,서울,사립,35 
대학부설대학원,덕성여자대학교 대학원,서울,사립,243 
대학부설대학원,덕성여자대학교 교육대학원,서울,사립,178 
대학부설대학원,덕성여자대학교 문화산업대학원,서울,사립,70 
대학부설대학원,동국대학교 대학원,서울,사립,2330 
대학부설대학원,동국대학교 일반대학원,경북,사립,238 
대학부설대학원,동국대학교 교육대학원,서울,사립,497 
대학부설대학원,동국대학교 국제정보대학원,서울,사립,235 
대학부설대학원,동국대학교 문화예술대학원,서울,사립,410 
대학부설대학원,동국대학교 법무대학원,서울,사립,63 
대학부설대학원,동국대학교 불교대학원,서울,사립,191 
대학부설대학원,동국대학교사회과학대학원(경),경북,사립,144 
대학부설대학원,동국대학교 경영대학원,경북,사립,64 
대학부설대학원,동국대학교 언론정보대학원,서울,사립,116 
대학부설대학원,동국대학교 행정대학원,서울,사립,289 
대학부설대학원,동국대학교 영상대학원(전문),서울,사립,290 
대학부설대학원,동국대학교불교문화대학원,경북,사립,168 
대학부설대학원,동국대학교 경영전문대학원,서울,사립,199 
대학부설대학원,동국대학교 의학전문대학원,경북,사립,197 
대학부설대학원,동국대학교 경찰사법대학원,서울,사립,94 
대학부설대학원,동덕여자대학교일반대학원,서울,사립,222 
대학부설대학원,동덕여자대학교 교육대학원,서울,사립,20 
대학부설대학원,동덕여자대학교 디자인대학원,서울,사립,12 
대학부설대학원,동덕여자대학교 공연예술대학원,서울,사립,79 
대학부설대학원,동덕여자대학교 패션전문대학원,서울,사립,55 
대학부설대학원,동덕여자대학교 보건과학대학원,서울,사립,31 
대학부설대학원,동덕여자대학교 국제문화대학원,서울,사립,1 
대학부설대학원,동덕여자대학교 비만미용향장대학원,서울,사립,27 
대학부설대학원,동덕여자대학교 문화산업예술대학원,서울,사립,4 
대학부설대학원,동덕여자대학교 문화 예술치료대학원,서울,사립,43 
대학부설대학원,동서대학교일반대학원,부산,사립,161 
대학부설대학원,동서대학교 경영대학원,부산,사립,39 
대학부설대학원,동서대학교 디자인전문대학원,부산,사립,63 
대학부설대학원,동서대학교 선교복지대학원,부산,사립,64 
대학부설대학원,동신대학교대학원,전남,사립,413 
대학부설대학원,동신대학교교육대학원,전남,사립,50 
대학부설대학원,동신대학교사회개발대학원,전남,사립,163 
대학부설대학원,동아대학교 대학원,부산,사립,1046 
대학부설대학원,동아대학교 경영대학원,부산,사립,214 
대학부설대학원,동아대학교 교육대학원,부산,사립,435 
대학부설대학원,동아대학교 문화예술대학원,부산,사립,24 
대학부설대학원,동아대학교 법무대학원,부산,사립,58 
대학부설대학원,동아대학교 사회복지대학원,부산,사립,133 
대학부설대학원,동아대학교 산업정보대학원,부산,사립,93 
대학부설대학원,동아대학교 예술대학원,부산,사립,8 
대학부설대학원,동아대학교 국제전문대학원,부산,사립,89 
대학부설대학원,동아대학교 법학전문대학원,부산,사립,264 
대학부설대학원,동아대학교 의학전문대학원,부산,사립,79 
대학부설대학원,동양대학교일반대학원,경북,사립,88 
대학부설대학원,동양대학교교육대학원,경북,사립,20 
대학부설대학원,동양대학교정보대학원,경북,사립,87 
대학부설대학원,동의대학교대학원,부산,사립,608 
대학부설대학원,동의대학교경영대학원,부산,사립,81 
대학부설대학원,동의대학교교육대학원,부산,사립,111 
대학부설대학원,동의대학교행정대학원,부산,사립,98 
대학부설대학원,동의대학교영상정보대학원,부산,사립,45 
대학부설대학원,동의대학교산업문화대학원,부산,사립,82 
대학부설대학원,루터대학교 대학원,경기,사립,46 
대학부설대학원,명지대학교 대학원,경기,사립,1218 
대학부설대학원,명지대학교 경영대학원,서울,사립,29 
대학부설대학원,명지대학교 교육대학원,서울,사립,203 
대학부설대학원,명지대학교 문화예술대학원,서울,사립,192 
대학부설대학원,명지대학교 사회교육대학원,서울,사립,722 
대학부설대학원,명지대학교 사회복지대학원,서울,사립,115 
대학부설대학원,명지대학교 산업대학원,경기,사립,193 
대학부설대학원,명지대학교 부동산대학원,서울,사립,85 
대학부설대학원,명지대학교 부동산ㆍ유통경영대학원,서울,사립,2 
대학부설대학원,명지대학교 기록정보과학전문대학원,서울,사립,90 
대학부설대학원,목원대학교일반대학원,대전,사립,344 
대학부설대학원,목원대학교교육대학원,대전,사립,1 
대학부설대학원,목원대학교신학대학원,대전,사립,254 
대학부설대학원,목원대학교언론광고홍보대학원,대전,사립,1 
대학부설대학원,목원대학교 산업정보언론대학원,대전,사립,129 
대학부설대학원,배재대학교대학원,대전,사립,454 
대학부설대학원,배재대학교 교육대학원,대전,사립,97 
대학부설대학원,배재대학교 국제통상대학원,대전,사립,13 
대학부설대학원,배재대학교 관광축제호텔대학원,대전,사립,27 
대학부설대학원,배재대학교 법무·행정대학원,대전,사립,13 
대학부설대학원,배재대학교 한류문화산업대학원,대전,사립,32 
대학부설대학원,부산가톨릭대학교대학원,부산,사립,185 
대학부설대학원,부산외국어대학교대학원,부산,사립,214 
대학부설대학원,부산외국어대학교교육대학원,부산,사립,69 
대학부설대학원,부산외국어대학교통역번역대학원,부산,사립,95 
대학부설대학원,부산외국어대학교 TESOL 대학원,부산,사립,25 
대학부설대학원,부산외국어대학교 국제통상경영대학원,부산,사립,53 
대학부설대학원,삼육대학교 대학원,서울,사립,301 
대학부설대학원,삼육대학교경영대학원,서울,사립,14 
대학부설대학원,삼육대학교 신학대학원,서울,사립,39 
대학부설대학원,삼육대학교신학전문대학원,서울,사립,11 
대학부설대학원,삼육대학교보건복지대학원,서울,사립,48 
대학부설대학원,상명대학교 대학원,서울,사립,829 
대학부설대학원,상명대학교 대학원,충남,사립,190 
대학부설대학원,상명대학교 경영대학원,서울,사립,102 
대학부설대학원,상명대학교 교육대학원,서울,사립,201 
대학부설대학원,상명대학교 예술디자인대학원,서울,사립,6 
대학부설대학원,상명대학교 복지상담대학원,서울,사립,142 
대학부설대학원,상명대학교 문화기술대학원,서울,사립,260 
대학부설대학원,상지대학교대학원,강원,사립,179 
대학부설대학원,상지대학교교육대학원,강원,사립,68 
대학부설대학원,상지대학교 평화안보.상담심리대학원,강원,사립,98 
대학부설대학원,상지대학교 사회복지정책대학원,강원,사립,70 
대학부설대학원,상지대학교 경영.행정.산업대학원,강원,사립,33 
대학부설대학원,서강대학교대학원,서울,사립,1372 
대학부설대학원,서강대학교 경제대학원,서울,사립,302 
대학부설대학원,서강대학교 공공정책대학원,서울,사립,183 
대학부설대학원,서강대학교교육대학원,서울,사립,377 
대학부설대학원,서강대학교국제대학원,서울,사립,167 
대학부설대학원,서강대학교 신학대학원,서울,사립,112 
대학부설대학원,서강대학교언론대학원,서울,사립,398 
대학부설대학원,서강대학교정보통신대학원,서울,사립,152 
대학부설대학원,서강대학교영상대학원,서울,사립,98 
대학부설대학원,서강대학교 경영전문대학원,서울,사립,507 
대학부설대학원,서강대학교 법학전문대학원,서울,사립,134 
대학부설대학원,서강대학교 기술경영전문대학원,서울,사립,110 
대학부설대학원,서경대학교일반대학원,서울,사립,302 
대학부설대학원,서경대학교 경영대학원,서울,사립,50 
대학부설대학원,서경대학교미용예술대학원,서울,사립,141 
대학부설대학원,서경대학교 경영문화대학원,서울,사립,41 
대학부설대학원,서남대학교대학원,전북,사립,71 
대학부설대학원,서남대학교 경영·행정대학원,전북,사립,4 
대학부설대학원,서남대학교 교육대학원,전북,사립,36 
대학부설대학원,서남대학교사회정책대학원,전북,사립,1 
대학부설대학원,서울신학대학교대학원,경기,사립,155 
대학부설대학원,서울신학대학교사회복지대학원,경기,사립,31 
대학부설대학원,서울신학대학교신학대학원,경기,사립,590 
대학부설대학원,서울신학대학교상담대학원,경기,사립,107 
대학부설대학원,서울신학대학교 신학전문대학원,경기,사립,174 
대학부설대학원,서울여자대학교 대학원,서울,사립,269 
대학부설대학원,서울여자대학교 교육대학원,서울,사립,55 
대학부설대학원,서울여자대학교 특수치료전문대학원,서울,사립,101 
대학부설대학원,서울여자대학교 사회복지·기독교대학원,서울,사립,91 
대학부설대학원,서울장신대학교 일반대학원,경기,사립,94 
대학부설대학원,서울장신대학교 교회음악대학원,경기,사립,10 
대학부설대학원,서울장신대학교 신학대학원,경기,사립,206 
대학부설대학원,서울장신대학교 자연치유선교대학원,경기,사립,14 
대학부설대학원,서울장신대학교 예배찬양사역대학원,경기,사립,79 
대학부설대학원,서울장신대학교 사회복지상담대학원,경기,사립,12 
대학부설대학원,서원대학교교육대학원,충북,사립,183 
대학부설대학원,서원대학교산업대학원,충북,사립,42 
대학부설대학원,서원대학교정보통신대학원,충북,사립,4 
대학부설대학원,선문대학교대학원,충남,사립,249 
대학부설대학원,선문대학교교육대학원,충남,사립,62 
대학부설대학원,선문대학교사회복지대학원,충남,사립,23 
대학부설대학원,선문대학교통번역대학원,충남,사립,40 
대학부설대학원,선문대학교 행정대학원,충남,사립,16 
대학부설대학원,선문대학교상담대학원,충남,사립,27 
대학부설대학원,선문대학교신학전문대학원,충남,사립,49 
대학부설대학원,선문대학교 통합의학대학원,충남,사립,109 
대학부설대학원,선문대학교 무도대학원,충남,사립,11 
대학부설대학원,성결대학교일반대학원,경기,사립,59 
대학부설대학원,성결대학교경영행정대학원,경기,사립,20 
대학부설대학원,성결대학교교육대학원,경기,사립,112 
대학부설대학원,성결대학교 문화예술대학원,경기,사립,26 
대학부설대학원,성결대학교사회복지대학원,경기,사립,68 
대학부설대학원,성결대학교신학대학원,경기,사립,92 
대학부설대학원,성결대학교신학전문대학원,경기,사립,36 
대학부설대학원,성결대학교성결신학대학원,경기,사립,207 
대학부설대학원,성결대학교 프라임대학원,경기,사립,35 
대학부설대학원,성공회대학교대학원,서울,사립,130 
대학부설대학원,성공회대학교교육대학원,서울,사립,28 
대학부설대학원,성공회대학교 신학대학원,서울,사립,9 
대학부설대학원,성공회대학교시민사회복지대학원,서울,사립,102 
대학부설대학원,성공회대학교신학전문대학원,서울,사립,32 
대학부설대학원,성공회대학교NGO대학원,서울,사립,101 
대학부설대학원,성공회대학교문화대학원,서울,사립,58 
대학부설대학원,성균관대학교 일반대학원,서울,사립,5055 
대학부설대학원,성균관대학교 교육대학원,서울,사립,197 
대학부설대학원,성균관대학교 디자인대학원,서울,사립,106 
대학부설대학원,성균관대학교 사회복지대학원,서울,사립,170 
대학부설대학원,성균관대학교 언론정보대학원,서울,사립,148 
대학부설대학원,성균관대학교 유학대학원,서울,사립,90 
대학부설대학원,성균관대학교 임상약학대학원,경기,사립,66 
대학부설대학원,성균관대학교 정보통신대학원,서울,사립,195 
대학부설대학원,성균관대학교 생활과학대학원,서울,사립,57 
대학부설대학원,성균관대학교 경영(전문)대학원,서울,사립,570 
대학부설대학원,성균관대학교 번역·테솔(TESOL)대학원,서울,사립,109 
대학부설대학원,성균관대학교 국가전략대학원,서울,사립,91 
대학부설대학원,성균관대학교 법학전문대학원,서울,사립,477 
대학부설대학원,성균관대학교 임상간호대학원,경기,사립,122 
대학부설대학원,성균관대학교 국정관리대학원,서울,사립,178 
대학부설대학원,성균관대학교 글로벌창업대학원,경기,사립,46 
대학부설대학원,성균관대학교 의학전문대학원,경기,사립,61 
대학부설대학원,성균관대학교 경영대학원(iMBA),서울,사립,465 
대학부설대학원,성균관대학교 중국대학원,서울,사립,73 
대학부설대학원,성균관대학교 수자원전문대학원,경기,사립,55 
대학부설대학원,성균관대학교 글로벌보험연금대학원,서울,사립,10 
대학부설대학원,성균관대학교 문화융합대학원,서울,사립,69 
대학부설대학원,성신여자대학교대학원,서울,사립,615 
대학부설대학원,성신여자대학교교육대학원,서울,사립,166 
대학부설대학원,성신여자대학교문화산업대학원,서울,사립,51 
대학부설대학원,성신여자대학교 생애복지대학원,서울,사립,79 
대학부설대학원,성신여자대학교 융합디자인예술대학원,서울,사립,53 
대학부설대학원,세명대학교일반대학원,충북,사립,172 
대학부설대학원,세명대학교교육대학원,충북,사립,22 
대학부설대학원,세명대학교 저널리즘스쿨대학원,충북,사립,57 
대학부설대학원,세명대학교 경영행정복지대학원,충북,사립,56 
대학부설대학원,세종대학교일반대학원,서울,사립,1398 
대학부설대학원,세종대학교 공공정책대학원,서울,사립,136 
대학부설대학원,세종대학교관광대학원,서울,사립,314 
대학부설대학원,세종대학교교육대학원,서울,사립,118 
대학부설대학원,세종대학교 산업대학원,서울,사립,205 
대학부설대학원,세종대학교 정책과학대학원,서울,사립,44 
대학부설대학원,세종대학교공연예술대학원,서울,사립,70 
대학부설대학원,세종대학교경영전문대학원,서울,사립,146 
대학부설대학원,세종대학교 문화예술콘텐츠대학원,서울,사립,36 
대학부설대학원,세종대학교 도시부동산대학원,서울,사립,23 
대학부설대학원,세종대학교 융합예술대학원,서울,사립,209 
대학부설대학원,수원가톨릭대학교대학원,경기,사립,65 
대학부설대학원,수원대학교일반대학원,경기,사립,315 
대학부설대학원,수원대학교경영대학원,경기,사립,92 
대학부설대학원,수원대학교교육대학원,경기,사립,252 
대학부설대학원,수원대학교금융공학대학원,경기,사립,7 
대학부설대학원,수원대학교 미술대학원,경기,사립,47 
대학부설대학원,수원대학교사회복지대학원,경기,사립,73 
대학부설대학원,수원대학교행정대학원,경기,사립,32 
대학부설대학원,수원대학교호텔관광대학원,경기,사립,22 
대학부설대학원,수원대학교 음악대학원,경기,사립,70 
대학부설대학원,수원대학교 공학대학원,경기,사립,34 
대학부설대학원,숙명여자대학교 일반대학원,서울,사립,1145 
대학부설대학원,숙명여자대학교 교육대학원,서울,사립,578 
대학부설대학원,숙명여자대학교 국제관계대학원,서울,사립,89 
대학부설대학원,숙명여자대학교 사회교육대학원,서울,사립,162 
대학부설대학원,숙명여자대학교 음악치료대학원,서울,사립,111 
대학부설대학원,숙명여자대학교 임상약학대학원,서울,사립,20 
대학부설대학원,숙명여자대학교 전통문화예술대학원,서울,사립,147 
대학부설대학원,숙명여자대학교 정책산업대학원,서울,사립,89 
대학부설대학원,숙명여자대학교 TESOL 대학원,서울,사립,100 
대학부설대학원,숙명여자대학교 원격대학원,서울,사립,284 
대학부설대학원,숙명여자대학교 여성인적자원개발대학원,서울,사립,68 
대학부설대학원,숙명여자대학교 호스피탈리티경영전문대학원,서울,사립,52 
대학부설대학원,숙명여자대학교 라이프스타일디자인대학원,서울,사립,47 
대학부설대학원,순천향대학교대학원,충남,사립,591 
대학부설대학원,순천향대학교교육대학원,충남,사립,258 
대학부설대학원,순천향대학교산업정보대학원,충남,사립,1 
대학부설대학원,순천향대학교 건강과학대학원,충남,사립,166 
대학부설대학원,순천향대학교 법과학대학원,충남,사립,131 
대학부설대학원,순천향대학교 기술경영행정대학원,충남,사립,61 
대학부설대학원,숭실대학교 대학원,서울,사립,1559 
대학부설대학원,숭실대학교 경영대학원,서울,사립,232 
대학부설대학원,숭실대학교 교육대학원,서울,사립,227 
대학부설대학원,숭실대학교 기독교학대학원,서울,사립,168 
대학부설대학원,숭실대학교 사회복지대학원,서울,사립,310 
대학부설대학원,숭실대학교 정보과학대학원,서울,사립,248 
대학부설대학원,숭실대학교 중소기업대학원,서울,사립,65 
대학부설대학원,숭실대학교 소프트웨어특성화대학원,서울,사립,60 
대학부설대학원,신라대학교 대학원,부산,사립,409 
대학부설대학원,신라대학교 교육대학원,부산,사립,238 
대학부설대학원,신라대학교 사회복지대학원,부산,사립,134 
대학부설대학원,신라대학교 리더십대학원,부산,사립,17 
대학부설대학원,신라대학교 공공안전정책대학원,부산,사립,36 
대학부설대학원,아세아연합신학대학교대학원,경기,사립,181 
대학부설대학원,아세아연합신학대학교교육대학원,경기,사립,97 
대학부설대학원,아세아연합신학대학교선교대학원,경기,사립,54 
대학부설대학원,아세아연합신학대학교신학대학원,경기,사립,386 
대학부설대학원,아세아연합신학대학교상담대학원,경기,사립,132 
대학부설대학원,아세아연합신학대학교복지대학원,경기,사립,11 
대학부설대학원,아주대학교대학원,경기,사립,1704 
대학부설대학원,아주대학교경영대학원,경기,사립,727 
대학부설대학원,아주대학교공공정책대학원,경기,사립,361 
대학부설대학원,아주대학교교육대학원,경기,사립,708 
대학부설대학원,아주대학교국제대학원,경기,사립,162 
대학부설대학원,아주대학교 보건대학원,경기,사립,69 
대학부설대학원,아주대학교정보통신대학원,경기,사립,522 
대학부설대학원,아주대학교 임상치의학대학원,경기,사립,50 
대학부설대학원,아주대학교 공학대학원,경기,사립,208 
대학부설대학원,아주대학교 법학전문대학원,경기,사립,178 
대학부설대학원,아주대학교 의학전문대학원,경기,사립,69 
대학부설대학원,아주대학교 교통·ITS대학원,경기,사립,60 
대학부설대학원,아주대학교 IT융합대학원,경기,사립,58 
대학부설대학원,아주대학교 글로벌제약임상대학원,경기,사립,15 
대학부설대학원,안양대학교대학원,경기,사립,228 
대학부설대학원,안양대학교경영행정대학원,경기,사립,61 
대학부설대학원,안양대학교교육대학원,경기,사립,173 
대학부설대학원,안양대학교신학대학원,경기,사립,186 
대학부설대학원,연세대학교 대학원,서울,사립,7344 
대학부설대학원,연세대학교 경제대학원,서울,사립,310 
대학부설대학원,연세대학교 교육대학원,서울,사립,1196 
대학부설대학원,연세대학교 국제학대학원,서울,사립,374 
대학부설대학원,연세대학교 법무대학원,서울,사립,300 
대학부설대학원,연세대학교 보건대학원,서울,사립,351 
대학부설대학원,연세대학교 보건환경대학원,강원,사립,93 
대학부설대학원,연세대학교 사회복지대학원,서울,사립,140 
대학부설대학원,연세대학교 생활환경대학원,서울,사립,240 
대학부설대학원,연세대학교 언론홍보대학원,서울,사립,347 
대학부설대학원,연세대학교 연합신학대학원,서울,사립,185 
대학부설대학원,연세대학교 정보대학원,서울,사립,289 
대학부설대학원,연세대학교 행정대학원,서울,사립,483 
대학부설대학원,연세대학교 간호대학원,서울,사립,165 
대학부설대학원,연세대학교 경영전문대학원,서울,사립,484 
대학부설대학원,연세대학교 공학대학원,서울,사립,569 
대학부설대학원,연세대학교 법학전문대학원,서울,사립,431 
대학부설대학원,연세대학교 정경대학원,강원,사립,160 
대학부설대학원,연세대학교 의학전문대학원,서울,사립,172 
대학부설대학원,연세대학교 치의학전문대학원,서울,사립,89 
대학부설대학원,연세대학교 커뮤니케이션대학원,서울,사립,192 
대학부설대학원,연세대학교 정경·창업대학원,강원,사립,92 
대학부설대학원,영남대학교 일반대학원,경북,사립,1742 
대학부설대학원,영남대학교 경영대학원,대구,사립,206 
대학부설대학원,영남대학교 교육대학원,경북,사립,534 
대학부설대학원,영남대학교 공학대학원,경북,사립,103 
대학부설대학원,영남대학교 임상약학대학원,대구,사립,22 
대학부설대학원,영남대학교 행정대학원,대구,사립,161 
대학부설대학원,영남대학교 환경보건대학원,대구,사립,193 
대학부설대학원,영남대학교 스포츠과학대학원,대구,사립,40 
대학부설대학원,영남대학교 법학전문대학원,경북,사립,230 
대학부설대학원,영남대학교 의학전문대학원,대구,사립,120 
대학부설대학원,영남대학교 문화예술디자인대학원,경북,사립,41 
대학부설대학원,영남대학교 박정희새마을대학원,경북,사립,167 
대학부설대학원,영남신학대학교대학원,경북,사립,44 
대학부설대학원,영남신학대학교사회복지대학원,경북,사립,13 
대학부설대학원,영남신학대학교신학대학원,경북,사립,277 
대학부설대학원,영남신학대학교 상담대학원,경북,사립,9 
대학부설대학원,영남신학대학교 성서신학대학원,경북,사립,9 
대학부설대학원,영동대학교산업정보대학원,충북,사립,116 
대학부설대학원,용인대학교일반대학원,경기,사립,237 
대학부설대학원,용인대학교경영대학원,경기,사립,32 
대학부설대학원,용인대학교교육대학원,경기,사립,370 
대학부설대학원,용인대학교 문화예술대학원,경기,사립,45 
대학부설대학원,용인대학교체육과학대학원,경기,사립,62 
대학부설대학원,용인대학교 재활복지대학원,경기,사립,45 
대학부설대학원,용인대학교 통일대학원,경기,사립,46 
대학부설대학원,용인대학교 태권도대학원,경기,사립,50 
대학부설대학원,용인대학교 문화재대학원,경기,사립,24 
대학부설대학원,우석대학교일반대학원,전북,사립,259 
대학부설대학원,우석대학교교육대학원,전북,사립,252 
대학부설대학원,우석대학교 경영행정문화대학원,전북,사립,70 
대학부설대학원,우석대학교 국방정책대학원,전북,사립,73 
대학부설대학원,울산대학교 대학원,울산,사립,1304 
대학부설대학원,울산대학교 경영대학원,울산,사립,184 
대학부설대학원,울산대학교 교육대학원,울산,사립,365 
대학부설대학원,울산대학교 산업대학원,울산,사립,319 
대학부설대학원,울산대학교 정책대학원,울산,사립,165 
대학부설대학원,울산대학교자동차선박기술대학원,울산,사립,73 
대학부설대학원,원광대학교 대학원,전북,사립,1047 
대학부설대학원,원광대학교 교육대학원,전북,사립,281 
대학부설대학원,원광대학교 경영대학원,전북,사립,21 
대학부설대학원,원광대학교 행정대학원,전북,사립,54 
대학부설대학원,원광대학교 동양학대학원,전북,사립,188 
대학부설대학원,원광대학교 한의학전문대학원,전북,사립,52 
대학부설대학원,원광대학교 법학전문대학원,전북,사립,197 
대학부설대학원,원광대학교 보건·보완의학대학원,전북,사립,109 
대학부설대학원,원광대학교 식품산업기술대학원,전북,사립,6 
대학부설대학원,위덕대학교 대학원,경북,사립,98 
대학부설대학원,위덕대학교 경영대학원,경북,사립,31 
대학부설대학원,위덕대학교 교육대학원,경북,사립,79 
대학부설대학원,위덕대학교 불교대학원,경북,사립,43 
대학부설대학원,위덕대학교 사회복지대학원,경북,사립,68 
대학부설대학원,을지대학교일반대학원,대전,사립,206 
대학부설대학원,을지대학교보건대학원,대전,사립,46 
대학부설대학원,을지대학교임상간호대학원,대전,사립,33 
대학부설대학원,이화여자대학교 대학원,서울,사립,3256 
대학부설대학원,이화여자대학교 교육대학원,서울,사립,1072 
대학부설대학원,이화여자대학교 국제대학원,서울,사립,185 
대학부설대학원,이화여자대학교 디자인대학원,서울,사립,313 
대학부설대학원,이화여자대학교 사회복지대학원,서울,사립,129 
대학부설대학원,이화여자대학교 신학대학원,서울,사립,77 
대학부설대학원,이화여자대학교 정책과학대학원,서울,사립,114 
대학부설대학원,이화여자대학교 통역번역대학원,서울,사립,277 
대학부설대학원,이화여자대학교 임상보건과학대학원,서울,사립,176 
대학부설대학원,이화여자대학교 공연예술대학원,서울,사립,187 
대학부설대학원,이화여자대학교 임상치의학대학원,서울,사립,77 
대학부설대학원,이화여자대학교 경영전문대학원,서울,사립,115 
대학부설대학원,이화여자대학교 법학전문대학원,서울,사립,345 
대학부설대학원,이화여자대학교 사회복지전문대학원,서울,사립,2 
대학부설대학원,이화여자대학교 의학전문대학원,서울,사립,331 
대학부설대학원,이화여자대학교 외국어교육특수대학원,서울,사립,191 
대학부설대학원,인제대학교 일반대학원,경남,사립,879 
대학부설대학원,인제대학교 경영대학원,경남,사립,38 
대학부설대학원,인제대학교 교육대학원,경남,사립,309 
대학부설대학원,인제대학교 보건대학원,부산,사립,145 
대학부설대학원,인제대학교 사회복지대학원,경남,사립,97 
대학부설대학원,인천가톨릭대학교 일반대학원,인천,사립,23 
대학부설대학원,인천가톨릭대학교대학원,인천,사립,62 
대학부설대학원,인하대학교대학원,인천,사립,2136 
대학부설대학원,인하대학교경영대학원,인천,사립,190 
대학부설대학원,인하대학교교육대학원,인천,사립,472 
대학부설대학원,인하대학교정책대학원,인천,사립,94 
대학부설대학원,인하대학교 공학대학원,인천,사립,207 
대학부설대학원,인하대학교 법학전문대학원,인천,사립,164 
대학부설대학원,인하대학교 의학전문대학원,인천,사립,205 
대학부설대학원,인하대학교 물류전문대학원,인천,사립,175 
대학부설대학원,장로회신학대학교 일반대학원,서울,사립,337 
대학부설대학원,장로회신학대학교 교육대학원,서울,사립,97 
대학부설대학원,장로회신학대학교 교회음악대학원,서울,사립,42 
대학부설대학원,장로회신학대학교 세계선교대학원,서울,사립,55 
대학부설대학원,장로회신학대학교 신학대학원,서울,사립,999 
대학부설대학원,장로회신학대학교 목회전문대학원,서울,사립,239 
대학부설대학원,전주대학교 일반대학원,전북,사립,420 
대학부설대학원,전주대학교 경영대학원,전북,사립,55 
대학부설대학원,전주대학교 교육대학원,전북,사립,272 
대학부설대학원,전주대학교 선교신학대학원,전북,사립,92 
대학부설대학원,전주대학교 행정대학원,전북,사립,60 
대학부설대학원,전주대학교 문화산업대학원,전북,사립,83 
대학부설대학원,전주대학교 대체의학대학원,전북,사립,31 
대학부설대학원,전주대학교 상담심리대학원,전북,사립,104 
대학부설대학원,조선대학교대학원,광주,사립,1329 
대학부설대학원,조선대학교경영대학원,광주,사립,66 
대학부설대학원,조선대학교교육대학원,광주,사립,518 
대학부설대학원,조선대학교디자인대학원,광주,사립,32 
대학부설대학원,조선대학교 보건대학원,광주,사립,83 
대학부설대학원,조선대학교 임상약학대학원,광주,사립,34 
대학부설대학원,조선대학교정책대학원,광주,사립,175 
대학부설대학원,조선대학교 의학전문대학원,광주,사립,525 
대학부설대학원,조선대학교 치의학전문대학원,광주,사립,328 
대학부설대학원,조선대학교 산업기술융합대학원,광주,사립,70 
대학부설대학원,중부대학교일반대학원,충남,사립,149 
대학부설대학원,중부대학교교육대학원,충남,사립,254 
대학부설대학원,중부대학교원격대학원,충남,사립,952 
대학부설대학원,중부대학교인문산업대학원,충남,사립,218 
대학부설대학원,중앙대학교 대학원,서울,사립,3312 
대학부설대학원,중앙대학교 건설대학원,서울,사립,179 
대학부설대학원,중앙대학교 교육대학원,서울,사립,660 
대학부설대학원,중앙대학교 국제대학원,서울,사립,126 
대학부설대학원,중앙대학교 사회개발대학원,서울,사립,169 
대학부설대학원,중앙대학교 사회복지대학원,서울,사립,36 
대학부설대학원,중앙대학교 신문방송대학원,서울,사립,260 
대학부설대학원,중앙대학교 예술대학원,서울,사립,383 
대학부설대학원,중앙대학교 행정대학원,서울,사립,137 
대학부설대학원,중앙대학교 의약식품대학원,서울,사립,137 
대학부설대학원,중앙대학교 첨단영상대학원,서울,사립,279 
대학부설대학원,중앙대학교 경영전문대학원,서울,사립,175 
대학부설대학원,중앙대학교 법학전문대학원,서울,사립,172 
대학부설대학원,중앙대학교 글로벌대학원,서울,사립,9 
대학부설대학원,중앙대학교 국악교육대학원,경기,사립,47 
대학부설대학원,중앙대학교 의학전문대학원,서울,사립,138 
대학부설대학원,중앙대학교 글로벌인적자원개발대학원,서울,사립,180 
대학부설대학원,중앙대학교 산업창업경영대학원,경기,사립,208 
대학부설대학원,중앙대학교 건강간호대학원,서울,사립,97 
대학부설대학원,중앙대학교 심리서비스대학원,서울,사립,28 
대학부설대학원,중앙승가대학교대학원,경기,사립,79 
대학부설대학원,백석대학교 교육대학원,서울,사립,262 
대학부설대학원,백석대학교 신학대학원,서울,사립,1050 
대학부설대학원,백석대학교 상담대학원,서울,사립,501 
대학부설대학원,백석대학교 음악대학원,서울,사립,207 
대학부설대학원,백석대학교 보건복지대학원,서울,사립,183 
대학부설대학원,백석대학교 기독교전문대학원,서울,사립,469 
대학부설대학원,백석대학교 실천신학대학원,서울,사립,61 
대학부설대학원,청주대학교일반대학원,충북,사립,319 
대학부설대학원,청주대학교산업경영대학원,충북,사립,24 
대학부설대학원,청주대학교 사회복지행정대학원,충북,사립,58 
대학부설대학원,청주대학교 보건의료대학원,충북,사립,22 
대학부설대학원,총신대학교일반대학원,서울,사립,237 
대학부설대학원,총신대학교교육대학원,서울,사립,300 
대학부설대학원,총신대학교교회음악대학원,서울,사립,34 
대학부설대학원,총신대학교목회신학대학원,서울,사립,97 
대학부설대학원,총신대학교기독교사회복지대학원,서울,사립,70 
대학부설대학원,총신대학교선교대학원,서울,사립,117 
대학부설대학원,총신대학교신학대학원,경기,사립,1331 
대학부설대학원,총신대학교상담대학원,서울,사립,102 
대학부설대학원,추계예술대학교 일반대학원,서울,사립,105 
대학부설대학원,추계예술대학교 교육대학원,서울,사립,37 
대학부설대학원,추계예술대학교 문화예술경영대학원,서울,사립,79 
대학부설대학원,침례신학대학교대학원,대전,사립,74 
대학부설대학원,침례신학대학교교회음악대학원,대전,사립,55 
대학부설대학원,침례신학대학교 선교대학원,대전,사립,21 
대학부설대학원,침례신학대학교신학대학원,대전,사립,544 
대학부설대학원,침례신학대학교목회신학대학원,대전,사립,145 
대학부설대학원,침례신학대학교 상담복지대학원,대전,사립,61 
대학부설대학원,칼빈대학교대학원,경기,사립,79 
대학부설대학원,칼빈신학대학원,경기,사립,158 
대학부설대학원,평택대학교 일반대학원,경기,사립,130 
대학부설대학원,평택대학교 사회복지대학원,경기,사립,66 
대학부설대학원,평택대학교 상담대학원,경기,사립,239 
대학부설대학원,평택대학교 물류·정보대학원,경기,사립,22 
대학부설대학원,평택대학교 피어선신학전문대학원,경기,사립,140 
대학부설대학원,평택대학교 물류·문화·정보대학원,경기,사립,26 
대학부설대학원,차의과학대학교 대학원,경기,사립,334 
대학부설대학원,차의과학대학교 임상약학대학원,경기,사립,8 
대학부설대학원,차의과학대학교 통합의학대학원,경기,사립,92 
대학부설대학원,차의과학대학교 보건복지대학원,경기,사립,45 
대학부설대학원,차의과학대학교 의학전문대학원,경기,사립,162 
대학부설대학원,차의과학대학교 미술치료대학원,경기,사립,117 
대학부설대학원,포항공과대학교 대학원,경북,사립,1619 
대학부설대학원,포항공과대학교 철강대학원,경북,사립,81 
대학부설대학원,포항공과대학교 엔지니어링대학원,경북,사립,58 
대학부설대학원,한국기술교육대학교 대학원,충남,사립,289 
대학부설대학원,한국기술교육대학교 IT융합과학경영산업대학원,충남,사립,111 
대학부설대학원,한국기술교육대학교테크노인력개발전문대학원,충남,사립,123 
대학부설대학원,한국성서대학교대학원,서울,사립,20 
대학부설대학원,한국성서대학교사회복지대학원,서울,사립,26 
대학부설대학원,한국성서대학교신학대학원,서울,사립,115 
대학부설대학원,한국성서대학교보육대학원,서울,사립,44 
대학부설대학원,한국외국어대학교 일반대학원,서울,사립,1231 
대학부설대학원,한국외국어대학교 경영대학원,서울,사립,527 
대학부설대학원,한국외국어대학교 교육대학원,서울,사립,661 
대학부설대학원,한국외국어대학교 국제지역대학원,서울,사립,425 
대학부설대학원,한국외국어대학교 TESOL 대학원,서울,사립,148 
대학부설대학원,한국외국어대학교 법학전문대학원,서울,사립,163 
대학부설대학원,한국외국어대학교 정치행정언론대학원,서울,사립,148 
대학부설대학원,한국외국어대학교 통번역대학원,서울,사립,418 
대학부설대학원,한국항공대학교대학원,경기,사립,364 
대학부설대학원,한국항공대학교 항공·경영대학원,경기,사립,211 
대학부설대학원,한남대학교대학원,대전,사립,654 
대학부설대학원,한남대학교 경영대학원,대전,사립,56 
대학부설대학원,한남대학교교육대학원,대전,사립,200 
대학부설대학원,한남대학교학제신학대학원,대전,사립,50 
대학부설대학원,한남대학교 국방전략대학원,대전,사립,26 
대학부설대학원,한남대학교 사회문화·행정복지대학원,대전,사립,173 
대학부설대학원,한동대학교 일반대학원,경북,사립,71 
대학부설대학원,한동대학교 교육대학원,경북,사립,39 
대학부설대학원,한동대학교 국제경영대학원,경북,사립,1 
대학부설대학원,한동대학교 통역번역대학원,경북,사립,30 
대학부설대학원,한동대학교상담대학원,경북,사립,80 
대학부설대학원,한동대학교 국제법률대학원,경북,사립,167 
대학부설대학원,한동대학교 국제개발협력대학원,경북,사립,32 
대학부설대학원,한라대학교정보산업대학원,강원,사립,44 
대학부설대학원,한림대학교대학원,강원,사립,546 
대학부설대학원,한림대학교경영대학원,강원,사립,9 
대학부설대학원,한림대학교사회복지대학원,강원,사립,115 
대학부설대학원,한림대학교 간호대학원,강원,사립,40 
대학부설대학원,한림대학교 임상치의학대학원,강원,사립,21 
대학부설대학원,한림대학교 보건과학대학원,강원,사립,119 
대학부설대학원,한서대학교대학원,충남,사립,298 
대학부설대학원,한서대학교교육대학원,충남,사립,44 
대학부설대학원,한서대학교 정보산업대학원,충남,사립,4 
대학부설대학원,한서대학교건강증진대학원,충남,사립,58 
대학부설대학원,한서대학교 국제예술디자인대학원,충남,사립,85 
대학부설대학원,한서대학교 항공정보산업대학원,충남,사립,32 
대학부설대학원,한성대학교일반대학원,서울,사립,313 
대학부설대학원,한성대학교경영대학원,서울,사립,88 
대학부설대학원,한성대학교교육대학원,서울,사립,81 
대학부설대학원,한성대학교예술대학원,서울,사립,50 
대학부설대학원,한성대학교행정대학원,서울,사립,86 
대학부설대학원,한성대학교부동산대학원,서울,사립,39 
대학부설대학원,한성대학교 지식서비스&컨설팅대학원,서울,사립,110 
대학부설대학원,한성대학교 국방과학대학원,서울,사립,111 
대학부설대학원,한세대학교 대학원,경기,사립,353 
대학부설대학원,한세대학교 사회복지대학원,경기,사립,39 
대학부설대학원,한세대학교 심리상담대학원,경기,사립,120 
대학부설대학원,한세대학교 피아노페다고지대학원,경기,사립,30 
대학부설대학원,한세대학교 치료상담대학원,경기,사립,3 
대학부설대학원,한세대학교 영산신학대학원,경기,사립,389 
대학부설대학원,한세대학교 친환경디자인대학원,경기,사립,1 
대학부설대학원,한세대학교 경찰법무·경영대학원,경기,사립,44 
대학부설대학원,한세대학교 스포츠경영대학원,경기,사립,15 
대학부설대학원,한신대학교대학원,경기,사립,197 
대학부설대학원,한신대학교교육대학원,경기,사립,80 
대학부설대학원,한신대학교문예창작대학원,경기,사립,1 
대학부설대학원,한신대학교신학대학원,서울,사립,187 
대학부설대학원,한신대학교사회복지실천대학원,경기,사립,1 
대학부설대학원,한신대학교 스포츠재활과학대학원,경기,사립,1 
대학부설대학원,한신대학교 정신분석대학원,경기,사립,71 
대학부설대학원,한신대학교 사회혁신경영대학원,서울,사립,20 
대학부설대학원,한양대학교 대학원,경기,사립,1178 
대학부설대학원,한양대학교대학원,서울,사립,4469 
대학부설대학원,한양대학교 공공정책대학원,서울,사립,280 
대학부설대학원,한양대학교교육대학원,서울,사립,474 
대학부설대학원,한양대학교국제학대학원,서울,사립,117 
대학부설대학원,한양대학교 기업경영대학원,경기,사립,111 
대학부설대학원,한양대학교도시대학원,서울,사립,98 
대학부설대학원,한양대학교언론정보대학원,서울,사립,150 
대학부설대학원,한양대학교국제관광대학원,서울,사립,156 
대학부설대학원,한양대학교 예술디자인대학원,경기,사립,112 
대학부설대학원,한양대학교 문화산업대학원,경기,사립,54 
대학부설대학원,한양대학교 경영전문대학원,서울,사립,456 
대학부설대학원,한양대학교공학대학원,서울,사립,732 
대학부설대학원,한양대학교 법학전문대학원,서울,사립,341 
대학부설대학원,한양대학교 의학전문대학원,서울,사립,169 
대학부설대학원,한양대학교 임상간호정보대학원,서울,사립,167 
대학부설대학원,한양대학교 기술경영전문대학원,서울,사립,111 
대학부설대학원,한양대학교 의생명공학전문대학원,서울,사립,82 
대학부설대학원,한양대학교 부동산융합대학원,서울,사립,174 
대학부설대학원,한양대학교 공학기술대학원,경기,사립,61 
대학부설대학원,한영신학대학교일반대학원,서울,사립,164 
대학부설대학원,한영신학대학교신학대학원,서울,사립,110 
대학부설대학원,한영신학대학교통역대학원,서울,사립,27 
대학부설대학원,한영신학대학교상담복지대학원,서울,사립,137 
대학부설대학원,한일장신대학교 일반대학원,전북,사립,124 
대학부설대학원,한일장신대학교기독교사회복지대학원,전북,사립,54 
대학부설대학원,한일장신대학교신학대학원,전북,사립,156 
대학부설대학원,한일장신대학교아태국제신학대학원,전북,사립,13 
대학부설대학원,한일장신대학교NGO정책대학원,전북,사립,8 
대학부설대학원,한일장신대학교 심리치료대학원,전북,사립,40 
대학부설대학원,협성대학교일반대학원,경기,사립,180 
대학부설대학원,협성대학교교육대학원,경기,사립,56 
대학부설대학원,협성대학교사회복지대학원,경기,사립,51 
대학부설대학원,협성대학교신학대학원,경기,사립,221 
대학부설대학원,협성대학교 예술대학원,경기,사립,28 
대학부설대학원,호남대학교 일반대학원,광주,사립,353 
대학부설대학원,호남대학교 교육대학원,광주,사립,89 
대학부설대학원,호남대학교 산업경영대학원,광주,사립,109 
대학부설대학원,호남대학교 복지행정대학원,광주,사립,164 
대학부설대학원,호남신학대학교대학원,광주,사립,96 
대학부설대학원,호남신학대학교교회음악대학원,광주,사립,46 
대학부설대학원,호남신학대학교신학대학원,광주,사립,382 
대학부설대학원,호남신학대학교기독교상담대학원,광주,사립,66 
대학부설대학원,호서대학교 대학원,충남,사립,546 
대학부설대학원,호서대학교 경영대학원,충남,사립,74 
대학부설대학원,호서대학교 교육대학원,충남,사립,56 
대학부설대학원,호서대학교 스포츠과학대학원,충남,사립,50 
대학부설대학원,호서대학교 연합신학전문대학원,충남,사립,137 
대학부설대학원,호서대학교 글로벌창업대학원,서울,사립,69 
대학부설대학원,호서대학교 문화복지상담대학원,충남,사립,158 
대학부설대학원,호서대학교 벤처대학원,서울,사립,264 
대학부설대학원,홍익대학교 대학원,서울,사립,1981 
대학부설대학원,홍익대학교 건축도시대학원,서울,사립,262 
대학부설대학원,홍익대학교 경영대학원,서울,사립,294 
대학부설대학원,홍익대학교 광고홍보대학원,서울,사립,222 
대학부설대학원,홍익대학교 교육대학원,서울,사립,155 
대학부설대학원,홍익대학교 미술대학원,서울,사립,445 
대학부설대학원,홍익대학교 공연예술대학원,서울,사립,169 
대학부설대학원,홍익대학교 영상대학원,서울,사립,259 
대학부설대학원,홍익대학교 국제디자인전문대학원,서울,사립,216 
대학부설대학원,홍익대학교 스마트도시 과학경영대학원,충남,사립,43 
대학부설대학원,홍익대학교 디자인콘텐츠대학원,서울,사립,627 
대학부설대학원,홍익대학교 세종캠퍼스 문화정보정책대학원,세종,사립,90 
대학부설대학원,꽃동네대학교 사회복지대학원,충북,사립,100 
대학부설대학원,남부대학교 일반대학원,광주,사립,127 
대학부설대학원,남부대학교 교육대학원,광주,사립,167 
대학부설대학원,남부대학교 보건경영대학원,광주,사립,133 
대학부설대학원,예원예술대학교 문화예술대학원,전북,사립,35 
대학부설대학원,예원예술대학교 문화예술대학원,경기,사립,25 
대학부설대학원,예원예술대학교 사회복지대학원,전북,사립,42 
대학부설대학원,예원예술대학교 문화ㆍ영상창업대학원,전북,사립,32 
대학부설대학원,한중대학교 일반대학원,강원,사립,25 
대학부설대학원,한중대학교 경영행정대학원,강원,사립,80 
대학부설대학원,부산장신대학교일반대학원,경남,사립,15 
대학부설대학원,부산장신대학교신학대학원,경남,사립,209 
대학부설대학원,부산장신대학교 성경주해대학원,경남,사립,10 
대학부설대학원,부산장신대학교 상담및심리치료대학원,경남,사립,17 
대학부설대학원,금강대학교 일반대학원,충남,사립,27 
대학부설대학원,예수대학교 일반대학원,전북,사립,8 
대학부설대학원,한국국제대학교 산업대학원,경남,사립,2 
대학부설대학원,한국국제대학교 보건복지대학원,경남,사립,1 
대학부설대학원,광주대학교 일반대학원,광주,사립,385 
대학부설대학원,광주대학교언론홍보대학원,광주,사립,7 
대학부설대학원,광주대학교사회복지전문대학원,광주,사립,95 
대학부설대학원,광주대학교 보건상담정책대학원,광주,사립,105 
대학부설대학원,동명대학교 일반대학원,부산,사립,205 
대학부설대학원,동명대학교 복지산업대학원,부산,사립,94 
대학부설대학원,영산대학교 일반대학원,경남,사립,5 
대학부설대학원,영산대학교 일반대학원,부산,사립,73 
대학부설대학원,영산대학교 관광대학원,부산,사립,49 
대학부설대학원,영산대학교 부동산대학원,부산,사립,61 
대학부설대학원,영산대학교 미용예술대학원,부산,사립,61 
대학부설대학원,영산대학교 공과대학원,경남,사립,12 
대학부설대학원,영산대학교 법무·경영대학원,부산,사립,85 
대학부설대학원,대전신학대학교 일반대학원,대전,사립,14 
대학부설대학원,대전신학대학교 신학대학원,대전,사립,91 
대학부설대학원,중원대학교 일반대학원,충북,사립,59 
대학부설대학원,중원대학교 문화예술대학원,충북,사립,8 
대학부설대학원,중원대학교 사회과학대학원,충북,사립,25 
대학부설대학원,중원대학교 평생학습대학원,충북,사립,15 
대학부설대학원,우송대학교 일반대학원,대전,사립,131 
대학부설대학원,우송대학교 경영대학원,대전,사립,44 
대학부설대학원,우송대학교 보건복지대학원,대전,사립,70 
대학부설대학원,우송대학교 TESOLㆍMALL대학원,대전,사립,34 
대학부설대학원,우송대학교 철도대학원,대전,사립,117 
대학부설대학원,우송대학교 솔브릿지국제경영대학원,대전,사립,64 
대학부설대학원,우송대학교 Culture-Technology융합대학원,대전,사립,28 
대학부설대학원,우송대학교 Hospitality-Culinary대학원,대전,사립,64 
대학부설대학원,김천대학교 상담·신학대학원,경북,사립,1 
대학부설대학원,김천대학교 상담·신학·경영대학원,경북,사립,41 
대학부설대학원,한려대학교 일반대학원,전남,사립,4 
대학부설대학원,한려대학교 경영행정대학원,전남,사립,12 
대학부설대학원,한려대학교 보건대학원,전남,사립,22 
대학부설대학원,한려대학교 사회복지대학원,전남,사립,24 
대학부설대학원,경운대학교 일반대학원,경북,사립,80 
대학부설대학원,경운대학교 사회복지대학원,경북,사립,32 
대학부설대학원,경운대학교 산업정보대학원,경북,사립,39 
대학부설대학원,남서울대학교 일반대학원,충남,사립,240 
대학부설대학원,남서울대학교 특수대학원,충남,사립,181 
대학부설대학원,초당대학교 일반대학원,전남,사립,50 
대학부설대학원,초당대학교 산업대학원,전남,사립,158 
대학부설대학원,한국산업기술대학교 일반대학원,경기,사립,101 
대학부설대학원,한국산업기술대학교 산업기술경영대학원,경기,사립,209 
대학부설대학원,한국산업기술대학교 지식기반기술·에너지대학원,경기,사립,77 
대학부설대학원,제주국제대학교 교육대학원,제주,사립,37 
대학부설대학원,제주국제대학교 글로벌제주학융합대학원,제주,사립,85 
대학부설대학원,제주국제대학교 사회복지임상치료대학원,제주,사립,68 
대학부설대학원,신한대학교 보건대학원,경기,사립,36 
대학부설대학원,신한대학교 지식복지대학원,경기,사립,64 
대학부설대학원,신한대학교 생활문화대학원,경기,사립,20 
대학부설대학원,울산과학기술대학교 일반대학원,울산,국립대법인,952 
대학부설대학원,울산과학기술대학교 기술경영대학원,울산,국립대법인,37 
대학부설대학원,공주교육대학교교육대학원,충남,국립,797 
대학부설대학원,광주교육대학교교육대학원,광주,국립,964 
대학부설대학원,대구교육대학교교육대학원,대구,국립,1130 
대학부설대학원,부산교육대학교교육대학원,부산,국립,1170 
대학부설대학원,서울교육대학교 교육대학원,서울,국립,112 
대학부설대학원,서울교육대학교 교육전문대학원,서울,국립,1504 
대학부설대학원,경인교육대학교 교육전문대학원,인천,국립,2141 
대학부설대학원,전주교육대학교교육대학원,전북,국립,356 
대학부설대학원,진주교육대학교교육대학원,경남,국립,481 
대학부설대학원,청주교육대학교교육대학원,충북,국립,534 
대학부설대학원,춘천교육대학교교육대학원,강원,국립,715 
대학부설대학원,한밭대학교산업대학원,대전,국립,43 
대학부설대학원,한밭대학교정보통신전문대학원,대전,국립,17 
대학부설대학원,한밭대학교 창업경영대학원,대전,국립,28 
대학부설대학원,서울과학기술대학교산업대학원,서울,국립,106 
대학부설대학원,서울과학기술대학교주택대학원,서울,국립,25 
대학부설대학원,서울과학기술대학교철도전문대학원,서울,국립,13 
대학부설대학원,서울산업대학교IT디자인대학원,서울,국립,4 
대학부설대학원,서울과학기술대학교IT정책전문대학원,서울,국립,10 
대학부설대학원,서울과학기술대학교에너지환경대학원,서울,국립,6 
대학부설대학원,서울과학기술대학교 NID융합기술대학원,서울,국립,31 
대학부설대학원,한경대학교 공공정책대학원,경기,국립,1 
대학부설대학원,한경대학교산업대학원,경기,국립,1 
대학부설대학원,한경대학교 국제개발협력대학원,경기,국립,1 
대학부설대학원,한경대학교 미래융합기술대학원,경기,국립,2 
대학부설대학원,진주산업대학교 산업대학원,경남,국립,7 
대학부설대학원,진주산업대학교 벤처창업대학원,경남,국립,4 
대학부설대학원,한국교통대학교산업대학원,충북,국립,2 
대학부설대학원,한국교통대학교경영행정외국어대학원,충북,국립,3 
대학부설대학원,한국산업기술대학교 산업기술경영대학원,경기,사립,1 
대학부설대학원,한국방송통신대학교 경영대학원,서울,국립,234 
대학부설대학원,한국방송통신대학교 대학원,서울,국립,2388 
대학부설대학원,초당대학교산업대학원,전남,사립,14 
대학부설대학원,청운대학교 산업기술경영대학원,충남,사립,115 
대학부설대학원,경운대학교 산업정보대학원,경북,사립,1 
대학부설대학원,경희사이버대학교 호텔관광대학원,서울,사립,114 
대학부설대학원,경희사이버대학교 문화창조대학원,서울,사립,212 
대학부설대학원,대구사이버대학교 휴먼케어대학원,경북,사립,115 
대학부설대학원,부산디지털대학교 휴먼서비스대학원,부산,사립,88 
대학부설대학원,서울사이버대학교 상담심리대학원,서울,사립,236 
대학부설대학원,서울사이버대학교 휴먼서비스대학원,서울,사립,169 
대학부설대학원,세종사이버대학교  대학원,서울,사립,132 
대학부설대학원,원광디지털대학교 웰빙문화대학원,전북,사립,132 
대학부설대학원,고려사이버대학교 융합정보대학원,서울,사립,57 
대학부설대학원,한양사이버대학교 경영대학원,서울,사립,326 
대학부설대학원,한양사이버대학교 교육정보대학원,서울,사립,82 
대학부설대학원,한양사이버대학교 디자인대학원,서울,사립,46 
대학부설대학원,한양사이버대학교 부동산대학원,서울,사립,70 
대학부설대학원,한양사이버대학교 휴먼서비스대학원,서울,사립,284 
대학부설대학원,사이버한국외국어대학교 TESOL 대학원,서울,사립,137 
대학부설대학원,한국과학기술원 일반대학원,대전,특별법법인,6962 
대학부설대학원,광주과학기술원 일반대학원,광주,특별법법인,1167 
대학부설대학원,대구경북과학기술원 일반대학원,대구,특별법법인,321 
대학부설대학원,한국전통문화대학교 일반대학원,충남,특별법국립,35 
대학부설대학원,한국전통문화대학교 문화유산융합대학원,충남,특별법국립,76 
