번호,전과정단계별,산업부문별,생산단계별,DB명칭,기능,기능단위,기능흐름,구축년도,관리기관,개요
337,물질제조,화학제품,원부자재,"탄산칼륨 [potassium carbonate, K2CO3]",bulb유리의 주원료로 사용되는 탄산칼륨,탄산칼륨 1kg 생산,탄산칼륨 1kg,2003,환경부,탄산칼륨 초기 원료물질과 그 외 투입물질의 원료채취 단계에서부터 생산단계의 제조공정 및 유틸리티설비와 환경설비를 포함하는 시스템으로 정의
336,물질제조,화학제품,원부자재,"탄산칼슘_10μ [calcium carbonate, CaCO3_10μ]","플라스틱, 고무 제품의 충진제",탄산칼륨 1kg 생산,탄산칼륨 1kg,2003,환경부,"중질탄산칼슘을 생산하기 위한 주원료인 석회암의 원료 채취 단계와 제조 단계의 제조 고정, 관련 환경 설비 및 유틸리티를 포함하는 것으로 원료 채취에서 출고 전까지 고려"
335,물질제조,화학제품,원부자재,"탄산칼슘_1μ [calcium carbonate, CaCO3_1μ]","플라스틱, 고무 제품의 충진제",탄산칼륨 1kg 생산,탄산칼륨 1kg,2003,환경부,"중질탄산칼슘을 생산하기 위한 주원료인 석회암의 원료 채취 단계와 제조 단계의 제조 고정, 관련 환경 설비 및 유틸리티를 포함하는 것으로 원료 채취에서 출고 전까지 고려"
334,물질제조,화학제품,원부자재,"탄산칼슘_2μ [calcium carbonate, CaCO3_2μ]","플라스틱, 고무 제품의 충진제",탄산칼륨 1kg 생산,탄산칼륨 1kg,2003,환경부,"중질탄산칼슘을 생산하기 위한 주원료인 석회암의 원료 채취 단계와 제조 단계의 제조 고정, 관련 환경 설비 및 유틸리티를 포함하는 것으로 원료 채취에서 출고 전까지 고려"
333,물질제조,화학제품,원부자재,"탄산칼슘_5μ [calcium carbonate, CaCO3_5μ]","플라스틱, 고무 제품의 충진제",탄산칼륨 1kg 생산,탄산칼륨 1kg,2003,환경부,"중질탄산칼슘을 생산하기 위한 주원료인 석회암의 원료 채취 단계와 제조 단계의 제조 고정, 관련 환경 설비 및 유틸리티를 포함하는 것으로 원료 채취에서 출고 전까지 고려"
332,물질제조,화학제품,원부자재,"페놀 [phenol, C6H5OH]","페놀수지, 비스페놀-A의 원료로 사용",페놀 1kg 생산,페놀 1kg,2003,환경부,초기원료물질인 cumene과 그 외 투입물질들의 원료채취 단계에서부터 생산단계의 제조공정 및 유틸리티설비의 환경성비를 포함하는 시스템으로 정의
331,물질제조,화학제품,원부자재,"포름알데히드 [formaldehyde, HCHO]","아세탈 수지의 제조 및 농업분야, 콘크리트 제조 등",탄산칼륨 1kg 생산,탄산칼륨 1kg,2003,환경부,"포름알데히드의 원료획득에서 생산, 수송, 사용, 환경설비 및 유틸리티에 이르는 제품과 관련된 모든 전과정 고려"
330,물질제조,화학제품,원부자재,"폴리알루미늄클로라이드 [polyaluminium chloride, PAC]","폴리알루미늄클로라이드 [polyaluminium chloride, PAC]",PAC 1kg 생산,PAC 1kg,2003,환경부,"PAC의 원료획득에서 생산, 수송, 사용, 환경설비 및 유틸리티에 이르는 제품과 관련된 모든 과정을 고려하는 ""cradle to gate"""
329,물질제조,화학제품,원부자재,"황 [sulfur, S]","황 [sulfur, S]",황 1kg 생산,황수 1kg,2003,환경부,"본 LCI 모듈은 sulfur의 초기 원료물질인 crude oil과 주요보조물질의 원료채취단계에서부터 sulfur를 생산하기 위한 이전 단계인 석유증류공정, 탈황공정과 sulfur 생산단계의 제조공정 및 유틸리티설비와 환경설비를 포함하는 시스템으로 정의되며, 이는 ""원료채취부터 출고까지(From Cradle to Gate)""를 범위로 함"
328,물질제조,화학제품,원부자재,"황산_25% [sulfuric acid, H2SO4_25%]","시약, 흡수제, 탈수제, 다른 화학제품의 원료",황산 1kg 생산,황산 1kg,2003,환경부,"황산을 생산하기 위한 주원료인 유황의 운반 및 황산 제조 단계의 각 단위 공정, 관련 환경 설비 및 유틸리티를 포함하는 것으로 정의"
327,물질제조,화학제품,원부자재,"황산_93% [sulfuric acid, H2SO4_93%]","시약, 흡수제, 탈수제, 다른 화학제품의 원료",황산 1kg 생산,황산 1kg,2003,환경부,"황산을 생산하기 위한 주원료인 유황의 운반 및 황산 제조 단계의 각 단위 공정, 관련 환경 설비 및 유틸리티를 포함하는 것으로 정의"
326,물질제조,화학제품,원부자재,"황산_98% [sulfuric acid, H2SO4_98%]","시약, 흡수제, 탈수제, 다른 화학제품의 원료",황산 1kg 생산,황산 1kg,2003,환경부,"황산을 생산하기 위한 주원료인 유황의 운반 및 황산 제조 단계의 각 단위 공정, 관련 환경 설비 및 유틸리티를 포함하는 것으로 정의"
325,물질제조,화학제품,원부자재,"황산나트륨 [sodium sulfate, Na2SO4]","유리, 그래프트지, 합성세제 등의 원료로 사용",황산나트륨 1kg 생산,황산나트륨 1kg,2003,환경부,해외 황산나트륨 제조의 전과정과 수입에 의한 해운수송까지의 단계로 정의
324,물질제조,화학제품,원부자재,AES [alcohol ethoxy sulfate],세제용 원료로의 계면활성제,AES 1kg 생산,AES 1kg,2003,환경부,"AES의 원료획득에서 생산, 수송, 사용, 환경설비 및 유틸리티에 이르는 제품과 관련된 모든 과정을 고려하는 ""cradle to gate"""
323,물질제조,화학제품,원부자재,"n-헥산 [n-Hexane, CH3(CH2)4CH3 ]",유기 융제로 사용되는 n-헥산,n-헥산 1kg 생산,n-헥산 1kg,2003,환경부,n-헥산 생산단계의 제조공정 및 유틸리티설비와 환경설비를 포함하는 시스템으로 정의
322,원료취득,수자원,유틸리티,공업용수_경남권[Industrial water_Kyeongnam],국내 권역별 산업체에 투입되는 공업용수,국내 권역별 산업체에 투입되는 공업용수,공업용수 1kg,2003,환경부,cladle-to-gate
321,원료취득,수자원,유틸리티,공업용수_경북권[Industrial water_Kyeongbuk],국내 권역별 산업체에 투입되는 공업용수,공업용수 1kg 생산,공업용수 1kg,2003,환경부,cladle-to-gate
320,원료취득,수자원,유틸리티,공업용수_수도권[Industrial water_Seoul],국내 권역별 산업체에 투입되는 공업용수,공업용수 1kg 생산,공업용수 1kg,2003,환경부,cladle-to-gate
319,원료취득,수자원,유틸리티,공업용수_전남권[Industrial water_Jeonnam],국내 권역별 산업체에 투입되는 공업용수,공업용수 1kg 생산,공업용수 1kg,2003,환경부,공업용수 1kg
318,원료취득,수자원,유틸리티,공업용수_전북권[Industrial water_Jeonbuk],국내 권역별 산업체에 투입되는 공업용수,공업용수 1kg 생산,공업용수 1kg,2003,환경부,cladle-to-gate
317,원료취득,수자원,유틸리티,공업용수_충청권[Industrial water_Chungchong],국내 권역별 산업체에 투입되는 공업용수,공업용수 1kg 생산,공업용수 1kg,2003,환경부,cladle-to-gate
316,원료취득,수자원,유틸리티,상수_금강수계[drinking water_Kum River],국내 가정의 음용수 및 산업 원료로 사용,상수 1kg 생산,상수 1kg,2004,환경부,원수를 취수하는 단계에서부터 상수를 생산하여 소비자에게 이를 제공하는 과정까지를 포함하는 cradle to gate
315,원료취득,수자원,유틸리티,상수_낙동강수계[drinking water_Nakdong River],국내 가정의 음용수 및 산업 원료로 사용,상수 1kg 생산,상수 1kg,2004,환경부,원수를 취수하는 단계에서부터 상수를 생산하여 소비자에게 이를 제공하는 과정까지를 포함하는 cradle to gate
314,원료취득,수자원,유틸리티,상수_영산?섬진강수계[drinking water_Youngsan/Sumjin River],국내 가정의 음용수 및 산업 원료로 사용,상수 1kg 생산,상수 1kg,2004,환경부,원수를 취수하는 단계에서부터 상수를 생산하여 소비자에게 이를 제공하는 과정까지를 포함하는 cradle to gate
313,원료취득,수자원,유틸리티,상수_제주권[drinking water_Jeju],상수_제주권[drinking water_Jeju],상수 1kg 생산,상수 1kg,2004,환경부,원수를 취수하는 단계에서부터 상수를 생산하여 소비자에게 이를 제공하는 과정까지를 포함하는 cradle to gate
312,원료취득,수자원,유틸리티,상수_한강수계[drinking water_Han River],국내 가정의 음용수 및 산업 원료로 사용,상수 1kg 생산,상수 1kg,2004,환경부,원수를 취수하는 단계에서부터 상수를 생산하여 소비자에게 이를 제공하는 과정까지를 포함하는 cradle to gate
311,물질제조,화학제품,에너지,경유[light fuel oil],"기계( 선박, 기관차, 자동차등) 및 디젤엔진에 이용되는 연료유 또는 기타 가공유 원료",경유 1kg 생산,경유 1kg,2003,환경부,원유를 채취하는 단계에서부터 경유를 제조하는 과정까지를 포함하는 cradle to gate
310,물질제조,화학제품,에너지,중유[heavy fuel oil],"디젤기관용, 보일러용 및 각종 노의 연료",중유 1kg 생산,중유 1kg,2003,환경부,원유를 채취하는 단계에서부터 중유를 제조하는 과정까지를 포함하는 cradle to gate
309,물질제조,화학제품,에너지,천연가스[natural gas_NG],"난방용, 산업용, 발전용으로 활용되는 LNG",LNG 1kg 생산,LNG 1kg,2003,환경부,주 원료물질인 Natural gas(천연가스)를 채취하는 단계에서부터 수송 및 LNG를 제조하여 출고하는 과정까지를 포함하는 cradle to gate
308,물질제조,제지,원부자재,아황산염미표백펄프 [sulfite unbleached pulp],아황산염미표백펄프 [sulfite unbleached pulp],아황산염미표백펄프 1kg 생산,아황산염미표백펄프 1kg,2003,환경부,"아황산미표백펄프의 초기 원료물질인 wood 채취 및 가공, 제품제조단계, 국내까지의 수송을 모두 포함함으로써 ""cradle to gate""를 범위로 함"
307,물질제조,제지,원부자재,아황산염표백펄프 [sulfite bleached pulp],위생용지 및 박엽지용 아황산염표백펄프,아황산염표백펄프 1kg 생산,아황산염표백펄프 1kg,2003,환경부,"아황산표백펄프의 초기 원료물질인 wood 채취 및 가공, 제품제조단계, 국내까지의 수송을 모두 포함함으로써 ""cradle to gate""를 범위로 함"
306,물질제조,제지,원부자재,황산염미표백펄프 [sulfate unbleached pulp],포장지 및 지대용 황산염미표백펄프,황산염미표백펄프 1kg 생산,황산염미표백펄프 1kg,2003,환경부,"황산염미표백펄프의 초기 원료물질인 wood 채취 및 가공, 제품제조단계, 국내까지의 수송을 모두 포함함으로써 ""cradle to gate""를 범위로 함"
305,물질제조,제지,원부자재,황산염표백펄프 [sulfate bleached pulp],황산염표백펄프 [sulfate bleached pulp],황산염표백펄프 1kg 생산,황산염표백펄프 1kg 생산,2003,환경부,"황산염표백펄프의 초기 원료물질인 wood 채취 및 가공, 제품제조단계, 국내까지의 수송을 모두 포함함으로써 ""cradle to gate""를 범위로 함"
304,물질제조,화학제품,원부자재,"폴리부틸렌 테레프탈레이트_고상 [polybutylene terephthalate, PBT]",전기전자제품 및 자동차 부품의 주원료,고상 PBT 1kg 생산,고상 PBT 1kg,2004,환경부,"고상 PBT의 주 원료물질인 DMT와 1,4-butandiol 및 보조물질의 원료 채취 단계에서부서 고상 PBT를 제조하는 단계까지를 포함하는 cradle to gate"
303,물질제조,화학제품,원부자재,"폴리부틸렌 테레프탈레이트_일반 [polybutylene terephthalate, PBT]",전기전자제품 및 자동차 부품의 주원료,일반 PBT 1kg 생산,일반 PBT 1kg,2004,환경부,"일반 PBT의 주 원료물질인 DMT와 1,4-butandiol 및 보조물질의 원료 채취 단계에서부서 일반 PBT를 제조하는 단계까지를 포함하는 cradle to gate"
302,물질제조,화학제품,원부자재,"폴리아크릴아미드_리퀴드 1 [polyacryl amide, PAA_liquid 1]","수처리제(콜로이드 현탁물의 침강 및 부상, 하/폐수의 청정화), 오니의 여과/탈수",PAA 1kg 생산,PAA 1kg,2003,환경부,"PAA의 원료획득에서 생산, 수송, 사용, 환경설비 및 유틸리티에 이르는 제품과 관련된 모든 과정을 고려하는 ""cradle to gate"""
301,물질제조,화학제품,원부자재,"폴리아크릴아미드_리퀴드 2 [polyacryl amide, PAA_liquid 2]","수처리제(콜로이드 현탁물의 침강 및 부상, 하/폐수의 청정화), 오니의 여과/탈수",PAA 1kg 생산,PAA 1kg,2003,환경부,"PAA의 원료획득에서 생산, 수송, 사용, 환경설비 및 유틸리티에 이르는 제품과 관련된 모든 과정을 고려하는 ""cradle to gate"""
300,물질제조,화학제품,원부자재,"폴리아크릴아미드_리퀴드 3 [polyacryl amide, PAA_liauid 3]","폴리아크릴아미드_리퀴드 3 [polyacryl amide, PAA_liauid 3]",PAA 1kg 생산,PAA 1kg,2003,환경부,"PAA의 원료획득에서 생산, 수송, 사용, 환경설비 및 유틸리티에 이르는 제품과 관련된 모든 과정을 고려하는 ""cradle to gate"""
299,물질제조,화학제품,원부자재,"폴리아크릴아미드_에멀젼 [polyacryl amide, PAA-emulsion]","수처리제(콜로이드 현탁물의 침강 및 부상, 하/폐수의 청정화), 오니의 여과/탈수 등",PAA 1kg 생산,PAA 1kg,2003,환경부,"PAA의 원료획득에서 생산, 수송, 사용, 환경설비 및 유틸리티에 이르는 제품과 관련된 모든 과정을 고려하는 ""cradle to gate"""
298,물질제조,화학제품,원부자재,"폴리아크릴아미드_파우더 [polyacryl amide, PAA-powder]","수처리제(콜로이드 현탁물의 침강 및 부상, 하/폐수의 청정화), 오니의 여과/탈수",PAA 1kg 생산,PAA 1kg,2003,환경부,"PAA의 원료획득에서 생산, 수송, 사용, 환경설비 및 유틸리티에 이르는 제품과 관련된 모든 과정을 고려하는 ""cradle to gate"""
297,물질제조,화학제품,원부자재,"폴리에틸렌 테레프탈레이트 [polyethylene terephthalate, PET]","PET 병, 필름, 엔지니어링 플라스틱의 원료",PET 1kg 생산,PET 1kg,2003,환경부,"PET의 주 원료물질인 ethylene glycol, terephthalic acid, dimethyl terephthalate 및 보조물질의 원료 채취 단계에서부서 PET를 제조하는 단계까지를 포함하는 cradle to gate"
296,물질제조,화학제품,유틸리티,공정유 [process oil],고무의 가공을 용이하게 하며 물성을 향상 또는 조정하고 고무 제품의 원가 절감,공정유 1kg 생산,공정유 1kg,2003,환경부,"공정유의 원료획득에서 생산, 수송, 사용, 환경설비 및 유틸리티에 이르는 제품과 관련된 모든 과정을 고려하는 ""cradle to gate"""
295,물질제조,화학제품,유틸리티,윤활유 [lubricating oil],"공업용, 금속가공용으로 사용되는 윤활유",윤활유 1kg 생산,윤활유 1kg,2003,환경부,"윤활유의 원료획득에서 생산, 수송, 사용, 환경설비 및 유틸리티에 이르는 제품과 관련된 모든 과정을 고려하는 ""cradle to gate"""
294,물질제조,화학제품,유틸리티,활성탄 [activated carbon],"정폐수용, 공기정화용, 담배필터용",활성탄 1kg 생산,활성탄 1kg,2003,환경부,"활성탄 원료 수송에서 제품생산, 환경설비 및 유틸리티에 이르는 제품 생산의 전공정을 제품 시스템으로 정의"
293,수송,공통,수송,1.25ton 트럭 [1.25ton truck],국내 공로(公路)상에서 트럭을 이용하여 이루어지는 화물의 수송,화물공로수송 1kg·km 수송,화물공로수송 1kg·km,2003,환경부,연료생산과 트럭을 이용한 화물수송을 포함(보조물질 생산 및 트럭생산 공정 등은 포함하지 않음)하는 cradle to gate
292,수송,공통,수송,15.1-18ton 트럭 [15.1-18ton truck],국내 공로(公路)상에서 트럭을 이용하여 이루어지는 화물의 수송,화물공로수송 1kg·km 수송,화물공로수송 1kg·km,2003,환경부,연료생산과 트럭을 이용한 화물수송을 포함(보조물질 생산 및 트럭생산 공정 등은 포함하지 않음)하는 cradle to gate
291,수송,공통,수송,18.1-23ton 트럭 [18.1-23ton truck],국내 공로(公路)상에서 트럭을 이용하여 이루어지는 화물의 수송,화물공로수송 1kg·km 수송,화물공로수송 1kg·km,2003,환경부,연료생산과 트럭을 이용한 화물수송을 포함(보조물질 생산 및 트럭생산 공정 등은 포함하지 않음)하는 cradle to gate
290,수송,공통,수송,1ton 트럭 [1ton truck],국내 공로(公路)상에서 트럭을 이용하여 이루어지는 화물의 수송,화물공로수송 1kg·km 수송,화물공로수송 1kg·km,2003,환경부,연료생산과 트럭을 이용한 화물수송을 포함(보조물질 생산 및 트럭생산 공정 등은 포함하지 않음)하는 cradle to gate
289,수송,공통,수송,2.5ton 트럭 [2.5ton truck],국내 공로(公路)상에서 트럭을 이용하여 이루어지는 화물의 수송,국내 공로(公路)상에서 트럭을 이용하여 이루어지는 화물의 수송,화물공로수송 1kg·km,2003,환경부,연료생산과 트럭을 이용한 화물수송을 포함(보조물질 생산 및 트럭생산 공정 등은 포함하지 않음)하는 cradle to gate
288,수송,공통,수송,23.1-25ton 트럭 [23.1-25ton truck],국내 공로(公路)상에서 트럭을 이용하여 이루어지는 화물의 수송,화물공로수송 1kg·km 수송,화물공로수송 1kg·km,2003,환경부,연료생산과 트럭을 이용한 화물수송을 포함(보조물질 생산 및 트럭생산 공정 등은 포함하지 않음)하는 cradle to gate
287,수송,공통,수송,3.51-5ton 트럭 [3.51-5ton truck],국내 공로(公路)상에서 트럭을 이용하여 이루어지는 화물의 수송,화물공로수송 1kg·km 수송,화물공로수송 1kg·km,2003,환경부,연료생산과 트럭을 이용한 화물수송을 포함(보조물질 생산 및 트럭생산 공정 등은 포함하지 않음)하는 cradle to gate
286,수송,공통,수송,3.5ton 트럭 [3.5ton truck],국내 공로(公路)상에서 트럭을 이용하여 이루어지는 화물의 수송,화물공로수송 1kg·km 수송,화물공로수송 1kg·km,2003,환경부,연료생산과 트럭을 이용한 화물수송을 포함(보조물질 생산 및 트럭생산 공정 등은 포함하지 않음)하는 cradle to gate
285,수송,공통,수송,5.1-8ton 트럭 [5.1-8ton truck],국내 공로(公路)상에서 트럭을 이용하여 이루어지는 화물의 수송,화물공로수송 1kg·km 수송,화물공로수송 1kg·km,2003,환경부,연료생산 및 트럭을 이용한 화물수송을 포함(보조물질 생산 및 트럭생산 공정 등은 포함하지 않음)하는 cradle to gate
284,수송,공통,수송,8.1-15ton 트럭 [8.1-15ton truck],국내 공로(公路)상에서 트럭을 이용하여 이루어지는 화물의 수송,화물공로수송 1kg·km 흐름,화물공로수송 1kg·km,2003,환경부,연료생산 및 트럭을 이용한 화물수송을 포함(보조물질 생산 및 트럭생산 공정 등은 포함하지 않음)하는 cradle to gate
283,수송,공통,수송,"로로선_내항_1,200~20,000dwt [ro-ro ship_coastal_1,200~20,000dwt]",해상에서 이루어지는 화물의 수송,화물해운수송 1kg·km 수송,화물해운수송 1kg·km,2003,환경부,"국내 산업의 수/출입되는 제품 및 제품의 원료등을 선박을 이용하여 수송하는 해양 수송의 전과정을 포함한다.(연료생산, 화물 수송을 포함하며 이외의 보조물질 생산 및 선박생산공정 등은 포함하지 않는다.)"
282,수송,공통,수송,"벌크선_내항_1,500~20,000dwt [bulk carrier_coastal_1,500~20,000dwt]",해상에서 이루어지는 화물의 수송,화물해운수송 1kg·km 수송,화물해운수송 1kg·km,2003,환경부,"국내 산업의 수/출입되는 제품 및 제품의 원료등을 선박을 이용하여 수송하는 해양 수송의 전과정을 포함한다.(연료생산, 화물 수송을 포함하며 이외의 보조물질 생산 및 선박생산공정 등은 포함하지 않는다.)"
281,수송,공통,수송,"벌크선_내항_10,000~200,000dwt [bulk carrier_10,000~200,000dwt]",해상에서 이루어지는 화물의 수송,화물해운수송 1kg·km 수송,화물해운수송 1kg·km,2003,환경부,"국내 산업의 수/출입되는 제품 및 제품의 원료등을 선박을 이용하여 수송하는 해양 수송의 전과정을 포함한다.(연료생산, 화물 수송을 포함하며 이외의 보조물질 생산 및 선박생산공정 등은 포함하지 않는다.)"
280,수송,공통,수송,"벌크선_내항_10,000~200,000dwt [bulk carrier_coastal_10,000~200,000dwt]",해상에서 이루어지는 화물의 수송,화물해운수송 1kg·km 수송,화물해운수송 1kg·km,2003,환경부,"국내 산업의 수/출입되는 제품 및 제품의 원료등을 선박을 이용하여 수송하는 해양 수송의 전과정을 포함한다.(연료생산, 화물 수송을 포함하며 이외의 보조물질 생산 및 선박생산공정 등은 포함하지 않는다.)"
279,수송,공통,수송,"벌크선_외항_1,500~20,000dwt [bulk carrier_oceangoing_1,500~20,000dwt]",해상에서 이루어지는 화물의 수송,화물해운수송 1kg·km 수송,화물해운수송 1kg·km,2003,환경부,"국내 산업의 수/출입되는 제품 및 제품의 원료등을 선박을 이용하여 수송하는 해양 수송의 전과정을 포함한다.(연료생산, 화물 수송을 포함하며 이외의 보조물질 생산 및 선박생산공정 등은 포함하지 않는다.)"
278,수송,공통,수송,"컨테이너선_외항_27,500dwt [container ship_oceangoing_27,500dwt]",해상에서 이루어지는 화물의 수송,해상에서 이루어지는 화물의 수송,화물해운수송 1kg·km,2003,환경부,"국내 산업의 수/출입되는 제품 및 제품의 원료등을 선박을 이용하여 수송하는 해양 수송의 전과정을 포함한다.(연료생산, 화물 수송을 포함하며 이외의 보조물질 생산 및 선박생산공정 등은 포함하지 않는다.)"
277,수송,공통,수송,탱커_LNG_100dwt [tanker_LNG_100dwt],해상에서 이루어지는 LNG의 수송,해상에서 이루어지는 LNG의 수송,LNG해운수송 1kg·km,2003,환경부,LNG해운수송 1kg·km
276,폐기,공통,폐기,골판지 원지용 폐지 재활용 [wastepaper recycling_corrugated cardborad],제품 포장용 상자의 주요원료,골판지원지 1kg,골판지원지 1kg,2003,환경부,"폐지가 골판지원지 생산공정에 투입되는 시점에서 골판지원지 생산, 폐수처리시설, 소각시설, 대기집진시설 등의 환경배출물 처리 공정을 포함하는 cradle to gate"
275,폐기,공통,폐기,정제연료유용 폐유 재활용 [waste oil recycling_refined oil],중유의 대체 연료로서 각종 시설의 연료,재생 연료유 1kg 재활용,재생 연료유 1kg 재활용,2003,환경부,"폐유가 정제연료유 생산 공정에 투입되어 정제연료유가 생산되는 공정과 폐수처리시설, 소각시설, 대기집진시설 등의 환경배출물 처리공정을 포함하는 cradle to gate"
274,폐기,공통,폐기,파티클보드용 폐목재 재활용 [waste wood recycling_particleboard],"합판대용 제품으로서 가구, 건축자재 등의 원료",재생보드 1kg 재활용,재생보드 1kg,2003,환경부,"폐목이 재생보드 생산 공정에 투입되어 재생보드가 생산되는 과정에서 발생하는 환경배출물(대기배출물, 고형폐기물) 처리공정을 포함하는 cradle to gate"
273,수송,공통,수송,"탱커_내항_10,000~300,000dwt [tanker_coastal_10,000~300,000dwt]",해상에서 이루어지는 화물의 수송,화물해운수송 1kg·km 수송,화물해운수송 1kg·km,2003,환경부,"국내 산업의 수/출입되는 액체상태의 제품 및 제품의 원료등을 선박을 이용하여 수송하는 해양 수송의 전과정을 포함한다.(연료생산, 화물 수송을 포함하며 이외의 보조물질 생산 및 선박생산공정 등은 포함하지 않는다.)"
272,수송,공통,수송,"탱커_내항_500~20,000dwt [tanker_coastal_500~20,000dwt]",해상에서 이루어지는 화물의 수송,화물해운수송 1kg·km 수송,화물해운수송 1kg·km,2003,환경부,"국내 산업의 수/출입되는 액체상태의 제품 및 제품의 원료등을 선박을 이용하여 수송하는 해양 수송의 전과정을 포함한다.(연료생산, 화물 수송을 포함하며 이외의 보조물질 생산 및 선박생산공정 등은 포함하지 않는다.)"
271,수송,공통,수송,"탱커_외항_10,000~300,000dwt [tanker_oceangoing_10,000~300,000dwt]",해상에서 이루어지는 화물의 수송,화물해운수송 1kg·km 수송,화물해운수송 1kg·km,2003,환경부,"국내 산업의 수/출입되는 액체상태의 제품 및 제품의 원료등을 선박을 이용하여 수송하는 해양 수송의 전과정을 포함한다.(연료생산, 화물 수송을 포함하며 이외의 보조물질 생산 및 선박생산공정 등은 포함하지 않는다.)"
270,수송,공통,수송,"탱커_외항_500~20,000dwt [tanker_oceangoing_500~20,000dwt]",해상에서 이루어지는 화물의 수송,화물해운수송 1kg·km 수송,화물해운수송 1kg·km,2003,환경부,"국내 산업의 수/출입되는 액체상태의 제품 및 제품의 원료등을 선박을 이용하여 수송하는 해양 수송의 전과정을 포함한다.(연료생산, 화물 수송을 포함하며 이외의 보조물질 생산 및 선박생산공정 등은 포함하지 않는다.)"
269,폐기,공통,폐기,일반폐기물 소각 [general waste incineration],일반폐기물을 소각하여 처리,일반폐기물 1kg 소각,일반폐기물 1kg,2003,환경부,"일반폐기물 소각 공정의 시스템 경계설정은 투입물 분석결과와 소각 공정으로 인기능 일반 폐기물을 소각하여 처리 기능단위/ 기준흐름 일반폐기물 1톤 소각하여 발생되는 환경배출물의 처리 공정을 포함한다. 그리고 투입되는 약품과 소비되는 에너지인 전기 및 각종 연료의 생산, 공업용수의 생산 등을 위한 원료채취에서 제품 생산까지(cradle-to-gate)를 포함한다."
268,폐기,공통,폐기,지정폐기물 소각 [hazardous waste incineration],일반 폐기물을 소각하여 처리,"지정폐기물(폐유, 폐합성고분자) 1kg 소각","지정폐기물(폐유, 폐합성고분자) 1kg",2003,환경부,"지정폐기물 소각 공정은 폐기물이 수거되어 소각장에 반입된 시점에서부터 저장, 물리화학적 처리 등의 중간처리, 소각공정, 유틸리티 사용, 환경배출물 처리공정까지를 제품시스템으로 정의한다."
267,폐기,공통,폐기,펠렛용 폐플라스틱 재활용[waste plastic recycling_pellet],저품질의 플라스틱 제품의 원료,플라스틱 펠렛(pellet) 1kg 재활용,플라스틱 펠렛(pellet) 1kg,2003,환경부,"폐플라스틱을 선별하는 과정에서부터 파쇄공정에 투입되어 펠렛이 생산되는 과정과 그로 인하여 발생하는 먼지를 처리하는 대기집진 시설, 생산 공정에 투입되는 에너지원의 생산이 시스템 경계에 포함"
266,물질제조,건축,원부자재,도료_수용성 에멀젼계 [paint_emulsion type],에멀젼수계 도료의 모든 기능을 포함,수용성 에멀젼수계 도료 1kg 생산,수용성 에멀젼수계 도료 1kg,2003,환경부,"수용성 에멀젼수계 도료의 원료획득에서 생산, 수송, 사용, 환경설비 및 유틸리티에 이르는 제품과 관련된 모든 과정을 고려하는 ""cradle to gate"""
265,물질제조,건축,원부자재,도료_불포화폴리에스테르계 [paint_polyester type],불포화폴리에스테르계 도료의 모든 기능을 포함,불포화폴리에스테르계 도료 1kg 생산,기준흐름: 불포화폴리에스테르계 도료 1kg,2003,환경부,"불포화폴리에스테르계 도료의 원료획득에서 생산, 수송, 사용, 환경설비 및 유틸리티에 이르는 제품과 관련된 모든 과정을 고려하는 ""cradle to gate"""
264,물질제조,건축,원부자재,도료_수용성수계 [paint_water type],수용성수계 도료의 모든 기능을 포함,수용성수계 도료 1kg 생산,수용성수계 도료 1kg,2003,환경부,"수용성수계 도료의 원료획득에서 생산, 수송, 사용, 환경설비 및 유틸리티에 이르는 제품과 관련된 모든 과정을 고려하는 ""cradle to gate"""
263,물질제조,건축,원부자재,도료_아미노알키드계 [paint_aminoalkyd type],아미노알키드계 도료의 모든 기능을 포함,아미노알키드계 도료 1kg 생산,아미노알키드계 도료 1kg,2003,환경부,"아미노알키드계 도료의 원료획득에서 생산, 수송, 사용, 환경설비 및 유틸리티에 이르는 제품과 관련된 모든 과정을 고려하는 ""cradle to gate"""
262,물질제조,건축,원부자재,도료_아크릴계 [paint_acryl type],아크릴계 도료의 모든 기능을 포함,아크릴계 도료 1kg 생산,아크릴계 도료 1kg,2003,환경부,"아크릴계 도료의 원료획득에서 생산, 수송, 사용, 환경설비 및 유틸리티에 이르는 제품과 관련된 모든 과정을 고려하는 ""cradle to gate"""
261,물질제조,건축,원부자재,도료_알키드에나멜바니쉬계 [paint_alkydenamel type],알키드에나멜계 도료의 모든 기능을 포함,알키드에나멜계 도료 1kg 생산,알키드에나멜계 도료 1kg,2003,환경부,"알키드에나멜바니쉬계 도료의 원료획득에서 생산, 수송, 사용, 환경설비 및 유틸리티에 이르는 제품과 관련된 모든 과정을 고려하는 ""cradle to gate"""
260,물질제조,건축,원부자재,도료_에폭시계 [paint_epoxy type],에폭시계 도료의 모든 기능을 포함,에폭시계 도료 1kg 생산,에폭시계 도료 1kg,2003,환경부,"에폭시계 도료의 원료획득에서 생산, 수송, 사용, 환경설비 및 유틸리티에 이르는 제품과 관련된 모든 과정을 고려하는 ""cradle to gate"""
259,물질제조,건축,원부자재,도료_우레탄계 [paint_urethan type],우레탄계 도료의 모든 기능을 포함,우레탄계 도료 1kg 생산,우레탄계 도료 1kg,2003,환경부,"우레탄계 도료의 원료획득에서 생산, 수송, 사용, 환경설비 및 유틸리티에 이르는 제품과 관련된 모든 과정을 고려하는 ""cradle to gate"""
258,물질제조,건축,원부자재,시멘트[cement],"일반 토목공사, 건축공사에 사용되는 보통시멘트",시멘트 1kg 생산,시멘트 1kg,2003,환경부,시멘트의 주요원료인 석회석채취 단계에서부터 시멘트를 제조하여 이를 출고하는 과정까지를 포함하는 cradle to gate
257,물질제조,건축,원부자재,판유리[plate glass],"차량용 유리제품, 가정용 유리등의 2차유리제품의 재료",판유리 1kg 생산,판유리 1kg,2003,환경부,"판유리의 주요원료인 규사, 소다회, 백운석 및 석회석등을 채취하는 단계에서부터 판유리를 제조하여 이를 출고하는 과정까지를 포함하는 cradle to gate"
256,물질제조,고무,원부자재,"스티렌 부타디엔 고무 [styrene butadiene rubber, SBR]","타이어, 벨트외피, 접착제, 공업용품 등의 주원료",SBR 1kg 생산,SBR 1kg,2004,환경부,"SBR의 주 원료물질인 1,3-butadiene와 styrene 및 보조물질의 원료 채취 단계에서부터 SBR을 제조하는 단계까지를 포함하는 cradle to gate"
255,물질제조,고무,원부자재,"에틸렌 프로필렌 디엔 고무[ethylene propylene diene monomer rubber, EPDM]","충격보강, 형상유지, 고충진, 내오존성, 내후성의 기능을 가진 합성고무",EPDM 1kg 생산,EPDM 1kg,2003,환경부,"주 원료물질인 ethylene과 propylene 및 보조물질의 원료채취 단계에서부터 EPDM 제조, 포장, 출고단계까지를 포함하는 cradle to gate"
254,물질제조,고무,원부자재,천연고무_latex [natural rubber_latex],"탄성, 내마모성, 내열성의 기능을 가진 천연고무",천연고무(라텍스) 1kg 생산,천연고무(라텍스) 1kg,2003,환경부,주 원료물질인 천연고무를 채취하는 단계에서부터 동남아시아에서 국내까지의 해양수송단계까지를 포함하는 cradle to gate
253,물질제조,고무,원부자재,천연고무-coagulum [natural rubber_coagulum],"탄성, 내마모성, 내열성의 기능을 가진 천연고무",천연고무(coagulum) 1kg 생산,천연고무(coagulum) 1kg,2003,환경부,주 원료물질인 천연고무를 채취하는 단계에서부터 동남아시아에서 국내까지의 해양수송단계까지를 포함하는 cradle to gate
252,물질제조,고무,원부자재,"폴리부타디엔 고무 [high-cis polybutadiene rubber, HBR]","타이어, 골프공 등의 주원료로 사용되는 HBR",HBR 1kg 생산,HBR 1kg,2003,환경부,폴리부타디엔고무(BR)을 생산하기 위한 원료물질을 취득하는 단계에서부터 BR을 제조하여 포장하는 단계까지의 과정을 포함하는 cradle to gate
251,물질제조,금속,원부자재,납괴[lead ingot],"배터리연분, 광명단, 리사지, 땜납, 방사선 차폐제, 전선 피복용, 도료 첨가제, 베어링, 활자, 탄환 등",납 1kg 생산,납 1kg,2005,환경부,납의 주 원료물질인 연정광(방연광)과 보조물질의 원료 채취 단계에서부서 납을 제조하는 단계까지를 포함하는 cradle to gate
250,물질제조,금속,원부자재,냉연코일 [cold rolled steel coil],"자동차, 가전제품, 건축외장재용 철강재",냉연코일 1kg 생산,냉연코일 1kg,2005,지식경제부,"냉연코일의 시스템 경계는 철광석, 석탄 그리고 석회석 등의 원료 채취 단계에서부터 - 냉연코일 제조까지의 과정을 포함하는 CtG(cradle to gate)로 정의"
249,물질제조,금속,원부자재,비드와이어 [bead wire],자동차 타이어 보강재 등,비드와이어 1kg 생산,비드와이어 1kg,2005,환경부,비드와이어 제품시스템에 대한 시스템 경계는 원자재인 선재를 생산하기 위하여 필요한 철광석을 채취하는 단계에서부터 비드와이어를 생산하는 것까지인 cradle to gate의 범위
248,물질제조,금속,원부자재,빌렛_고로 [billets],"볼트, 너트, 베어링, 스프링용 철강소재",빌렛 1kg 생산,빌렛 1kg,2003,환경부,"빌레트의 주요 원료인 철광석, 석탄, 석회석의 원료 채취단계와 국내 공장까지의 수송 그리고 빌레트 제조공정 및 관련 환경설비와 유틸리티를 포함하는 것으로서 이는 ""cradle to gate""를 범위로 함"
247,물질제조,금속,원부자재,빌렛_전기로 [billets],"소형 형강, 봉강, 철근, 신재의 소재",빌렛 1kg 생산,빌렛 1kg,2005,환경부,"빌렛을 생산하기 위한 원료물질을 취득하는 단계에서부터 빌렛을 제조하기까지의 과정을 포함하는 ""cradle to gate""로 정의"
246,물질제조,금속,원부자재,산세코일 [pickled hot rolled coil],자동차 및 가전용 철강소재,산세코일 1kg 생산,산세코일 1kg,2003,환경부,"산세코일의 주요 원료인 철광석, 석탄, 석회석 및 주요보조물질의 원료 채취단계와 국내 공장까지의 수송 그리고 산세코일 제조공정 및 관련 환경설비와 유틸리티를 포함하는 것으로서 이는 ""cradle to gate""를 범위로 함"
245,물질제조,금속,원부자재,선재 [wire rod],건축자재 및 기계부품용 철강소재,선재 1kg 생산,선재 1kg,2003,환경부,"선재의 주요 원료인 철광석, 석탄, 석회석의 원료 채취단계와 국내 공장까지의 수송 그리고 선재 제조공정 및 관련 환경설비와 유틸리티를 포함하는 것으로서 이는 ""cradle to gate""를 범위로 함"
244,물질제조,금속,원부자재,스테인레스 냉연코일 [stainless cold rolled coil],"자동차 부품재, 건축 내외장재, 가전제품 및 컴퓨터 정밀부품재 등",스테인레스 냉연코일 1kg 생산,스테인레스 냉연코일,2005,환경부,"스테인레스 냉연코일을 생산하기 위한 원료물질을 취득하는 단계에서부터 스테인레스 냉연코일 제조까지의 과정을 포함하는 ""cradle to gate""로 정의"
243,물질제조,화학제품,원부자재,"1,3-부타디엔 [1,3-butadiene, C4H6]","합성고무, ABS수지, 나일론66의 원료로 사용",부타디엔 1kg 생산,부타디엔 1kg,2003,환경부,"1.3-Butadiene의 초기 원료물질인 C4의 주요원료물질 및 보조물질의 원료채취 단계에서부터 1,3-Butadiene 생산단계의 제조공정 및 유틸리티설비와 환경설비를 포함하는 시스템으로 정의"
242,물질제조,화학제품,원부자재,"1,4-부탄디올 [1,4-butanediol, HO(CH2)4OH]","PBT, PU수지 등의 원료",상수 1kg 생산,상수 1kg,2004,환경부,"원료물질을 채취하는 단계에서부터 1,4-Butandiol을 제조까지의 과정을 포함하는 cradle to gate로 정의"
241,물질제조,화학제품,원부자재,"가성소다 [caustic soda, NaOH]","인조섬유제조, 석유정제, 제지, 환경 설비 등에서 광범위하게 사용",50% 가성소다 1kg,50% 가성소다 1kg,2003,환경부,"가성소다의 주요 원료물질의 원료채취단계에서부터 50% 수용액 생산단계의 제조공정 및 유틸리티, 환경설비를 포함하는 것으로 정의되며, “원료채취부터 출고까지(cradle to gate)”범위 고려"
240,물질제조,화학제품,원부자재,"가성칼륨_90% [potassium hydroxide, KOH-90%]",탄산칼륨 제조의 주원료로 사용되는 고체상의 가성칼륨,가성칼륨 1kg 생산,가성칼륨 1kg,2003,환경부,"가성칼륨의 초기 원료물질인 염화칼륨과 그 외 투입물의 원료채취단계에서부터 생산단계의 제조공정 및 유틸리티, 환경설비를 포함하는 것으로 정의되며, “원료채취부터 출고까지(cradle to gate)”범위 고려"
239,물질제조,화학제품,원부자재,"가성칼륨_95% [potassium hydroxide, KOH-95%]",탄산칼륨 제조의 주원료로 사용되는 고체상의 가성칼륨,가성칼륨 1kg 생산,가성칼륨 1kg,2003,환경부,"가성칼륨의 초기 원료물질인 염화칼륨과 그 외 투입물의 원료채취단계에서부터 생산단계의 제조공정 및 유틸리티, 환경설비를 포함하는 것으로 정의되며, “원료채취부터 출고까지(cradle to gate)”범위 고려"
238,물질제조,화학제품,원부자재,"규산나트륨 [sodium silicate, Na2SiO3]","탈지제, 세제, 세정제, 시멘트급결제 등",규산나트륨 1kg 생산,규산나트륨 1kg,2003,환경부,주 원료물질인 silica sand와 soda ash 및 각종 보조물질 고려. 누적 투입물비율 99.15%까지 투입물을 시스템 경계의 cut-off 기준으로 설정
237,물질제조,화학제품,원부자재,"니트로벤젠 [nitrobenzene, C6H5NO2]",아닐린 제조의 주원료로 사용,니트로벤젠 1kg 생산,니트로벤젠 1kg,2003,환경부,"니트로벤젠의 초기 원료물질인 벤젠과 황산, 질산과 그 외 투입물질의 원료채취단계에서부터 생산단계의 제조공정 및 유틸리티 설비의 환경설비를 포함하는 시스템으로 정의"
236,물질제조,화학제품,원부자재,"메탄올 [methanol, CH3OH]","포르말린, 메틸메티크릴레이트, DMT, 클로로메탄류, 초산 등의 용제, 추출제, 부동액, 에스테르 기재, 메틸아민 등의 원료로 사용",메탄올 1kg 생산,메탄올 1kg,2003,환경부,메탄올은 전량 국외로부터 수입되는 관계로 메탄올 생산과 관련된 전과정과 수입에 의한 해운수송까지의 단계까지로 정의
235,물질제조,화학제품,원부자재,"무수불화수소 [anhydrous hydrofluoric acid, AHF]",스테인레스 세척 및 유리 가공용 CFC 제조원료,불산 1kg 생산,불산 1kg,2003,환경부,"불산을 생산하기 위한 주원료인 형석의 운반 및 불산 제조 단계의 각 단위 공정, 관련 환경 설비 밑 유틸리티를 포함하는 것을 범위로 함"
234,물질제조,화학제품,원부자재,"불화수소_55.5% [hydrogen fluoride, HF_55.5%]",스테인레스 세척 및 유리 가공용 CFC 제조원료,불산 1 kg 생산,불산 1 kg,2003,환경부,"불산을 생산하기 위한 주원료인 형석의 운반 및 불산 제조 단계의 각 단위 공정, 관련 환경 설비 밑 유틸리티를 포함하는 것을 범위로 함"
233,물질제조,화학제품,원부자재,"산소 [oxygen,O2]",일반공업용으로 사용되는 산소,공업용 산소 1kg 생산,공업용 산소 1kg,2003,환경부,"투입물로는 원료물질(산소), 유틸리티 사용 등을 고려"
232,물질제조,화학제품,원부자재,"산화아연 [zinc oxide, ZnO]",산화아연의 모든 기능을 포함,산화아연 1kg 생산,산화아연 1kg,2004,환경부,"수용성 에멀젼수계 도료의 원료획득에서 생산, 수송, 사용, 환경설비 및 유틸리티에 이르는 제품과 관련된 모든 과정을 고려하는 ""cradle to gate"""
231,물질제조,화학제품,원부자재,"산화철 [ferric oxide, Fe2O3]",Ferrite Core용 산화철,산화철 1kg 생산,산화철 1kg,2003,환경부,"산화철의 원료(철광석, 석탄, 석회석)획득에서 생산, 수송, 사용, 환경설비 및 유틸리티에 이르는 제품과 관련된 모든 과정을 고려하는 ""cradle to gate"""
230,물질제조,화학제품,원부자재,"소다회 [soda ash, Na2CO3]","유리, 비누 등의 제조원료",소다회 1kg 생산,소다회 1kg,2003,환경부,"소다회의 원료획득에서 생산, 수송, 사용, 환경설비 및 유틸리티에 이르는 제품과 관련된 모든 과정을 고려하는 ""cradle to gate"""
229,물질제조,화학제품,원부자재,"수산화칼슘 [calcium hydroxide, Ca(OH)2]",화학공업용으로 사용,수산화칼륨 1kg 생산,수산화칼륨 1kg,2003,환경부,"원료물질을 채취하는 단계에서부터 생산, 수송, 사용, 환경설비 및 유틸리티에 이르는 제품과 관련된 모든 전과정을 고려하는 Cradle to Gate로 정의"
228,물질제조,화학제품,원부자재,"수소 [hydrogen, H2]","메탄올 등의 원료, 기름의 경화, 용접용 원료로 사용",수소 1kg 생산,수소 1kg,2003,환경부,"조사 대상이 된 업체들이 채택하고 있는 스팀리포밍 방식의 주원료 물질인 탄화수소화합물과 공정수, 수송단계가 기본적으로 시스템 경계 안에 포함. 또한 기타 보조물질 및 에너지 사용량과 함께 유틸리티로 소비되는 전기와 공업용수를 모두 포함."
227,물질제조,화학제품,원부자재,"스테아린산 [stearic acid, C18H36O2]","타이어용 활성제, 촉매제",스테아린산 1kg 생산,스테아린산 1kg,2003,환경부,"스테아린산(stearic acid)의 주요 원료인 Tallow(우지)와 Palm oil(팜유) 그리고 주요 보조물질의 원료 채취단계와 국내 공장까지의 수송데이터, 그리고 스테아린산 제조단계의 제조공정 및 관련 환경설비와 유틸리티를 포함하는 것으로써 ""원료채취부터 출고까지(From Cradle to Gate)""를 범위로 함"
226,물질제조,화학제품,원부자재,신나류 [thinner type],신나류 제품의 모든 기능을 포함,신나류 1kg 생산,신나류 1kg,2003,환경부,"원료물질을 채취하는 단계에서부터 생산, 수송, 사용, 환경설비 및 유틸리티에 이르는 제품과 관련된 모든 전과정을 고려하는 Cradle to Gate로 정의"
225,물질제조,화학제품,원부자재,"아닐린 [aniline, C6H7N]",MDA 제조의 주원료로 사용,아닐린 1kg 생산,아닐린 1kg,2003,환경부,"원료물질(니트로벤젠, 수소)을 채취하는 단계에서부터 생산, 수송, 사용, 환경설비 및 유틸리티에 이르는 제품과 관련된 모든 전과정을 고려하는 Cradle to Gate로 정의"
224,물질제조,화학제품,원부자재,"아르곤 [argon, Ar]","백열전구, 형광등에 사용되는 일반 아르곤",아르곤 1kg 생산,아르곤 1kg,2003,환경부,"원료획득에서 생산, 수송, 사용, 환경설비 및 유틸리티에 이르는 제품과 관련된 모든 과정을 전과정으로 정의하며 원료채취부터 출고까지(Cradle to Gate)를 범위로 함"
223,물질제조,화학제품,원부자재,"아세톤 [acetone, CH3COCH3]","MIBK의 용제, BPA의 원료 등으로 사용",MIBK 1kg 생산,MIBK 1kg,2003,환경부,원료물질인 cumene과 그 외 물질들의 원료채취 단계에서부터 생산단계의 제조공정 및 유틸리티설비와 환경설비를 포함하는 시스템으로 정의
222,물질제조,화학제품,원부자재,"아세트알데하이드 [acetaldehyde, CH3CHO]","초산에틸, 펜타에리스톨의 원료",아세트알데하이드 1kg 생산,아세트알데하이드 1kg,2003,환경부,"원료채취 단계에서부터 생산단계의 제조공정 및 유틸리티설비와 환경설비를 포함하는 시스템으로 정의되며 이는 ""Cradle to Gate""를 범위로 함"
221,물질제조,화학제품,원부자재,"아크릴로니트릴 [acrylonitrile, CH2CHCN]",아크릴섬유 제조의 주원료로 사용,아크릴로니트릴 1kg 생산,아크릴로니트릴 1kg,2003,환경부,"원료물질(프로필렌, 암모니아)을 채취하는 단계에서부터 생산, 수송, 사용, 환경설비 및 유틸리티에 이르는 제품과 관련된 모든 전과정을 고려하는 Cradle to Gate로 정의"
220,물질제조,화학제품,원부자재,"알킬벤젠술폰산염 [linear alkyl benzene sulfonate acid, LAS, RC6H6SO3H]",세제용 원료로의 계면활성제,LAS 1kg 생산,LAS 1kg,2003,환경부,"LAS의 원료획득에서 생산, 수송, 사용, 환경설비 및 유틸리티에 이르는 제품과 관련된 모든 과정을 고려하는 ""cradle to gate"""
219,물질제조,화학제품,원부자재,"알파올레핀술포네이트 [alpha olefin sulfonate, AOS, RCH=CH(CH2)nSO3Na]",세제용 원료로의 계면활성제,AOS 1kg 생산,AOS 1kg,2003,환경부,"AOS의 원료획득에서 생산, 수송, 사용, 환경설비 및 유틸리티에 이르는 제품과 관련된 모든 과정을 고려하는 ""cradle to gate"""
218,물질제조,화학제품,원부자재,"암모니아 [ammonia, NH3]",질소질비료의 주성분 및 정밀화학 제품의 중간 원료,암모니아 1kg 생산,암모니아 1kg,2003,환경부,"암모니아의 주요 원료물질 원료채취단계에서부터 생산단계의 제조공정 및 유틸리티, 환경설비를 포함하는 것으로 정의되어“원료채취부터 출고까지(cradle to gate)”를 범위로 정의"
217,물질제조,화학제품,원부자재,"에틸 알콜 [ethyl alcohol, C2H5OH]","화학제품의 원료, 시약용, 화장품제조용 등",에틸 알콜 1kg 생산,에틸 알콜 1kg,2003,환경부,"원료물질을 채취하는 단계에서부터 생산, 수송, 사용, 환경설비 및 유틸리티에 이르는 제품과 관련된 모든 전과정을 고려하는 Cradle to Gate로 정의"
216,물질제조,화학제품,원부자재,"에피클로로히드린 [epichlorohydrin, C3H5OCl]","Epoxy수지의 주원료, 합성수지제품, 이온교환수지, 4급아민염, 난연제용",에피클로로히드린 1kg 생산,에피클로로히드린 1kg,2004,환경부,"원료물질(니트로벤젠, 수소)을 채취하는 단계에서부터 생산, 수송, 사용, 환경설비 및 유틸리티에 이르는 제품과 관련된 모든 전과정을 고려하는 Cradle to Gate로 정의"
215,물질제조,화학제품,원부자재,"염산 [hydrochloric acid, HCl]","염료, 향료, 의약품, 농약품 제조 및 중화제로 광범위하게 사용됨",염산 1kg 생산,염산 1kg,2003,환경부,"주요 원료물질에 대해서는 원료채취 단계와 제품생산업체까지의 수송단계를 고려, 그 외 보조물질에 대해서는 수송단계를 고려하지 않음. 또한 제품제조단계의 전기, 스팀 등과 같은 에너지 집약적인 공정은 100% 모두 포함"
214,물질제조,화학제품,원부자재,"염소 [chlorine, Cl2]","상수도 살균, 면직물 표백, 염화 비닐 제조, 염산 제조 등에 이용되는 염소",염소 1kg 생산,염소 1kg,2003,환경부,주요 원료물질에 대해서는 원료채취 단계와 제품생산업체까지의 수송단계를 고려. 그 외 보조물질에 대해서는 수송단계를 고려.
213,물질제조,화학제품,원부자재,"염화나트륨 [sodium chloride, NaCl]",공업적 용도로 사용,아닐린 1kg 생산,아닐린 1kg,2003,환경부,"원료물질을 채취하는 단계에서부터 생산, 수송, 사용, 환경설비 및 유틸리티에 이르는 제품과 관련된 모든 전과정을 고려하는 Cradle to Gate로 정의"
212,물질제조,화학제품,원부자재,"염화칼륨 [potassium chloride, KCl]","염화칼륨, 각종 칼륨염 제조시 원료로 사용",염화칼륨 1kg 생산,염화칼륨 1kg 생산,2003,환경부,염화칼륨 제조에 대한 전과정과 해외에서 국내까지의 해양수송단계를 포함
211,물질제조,화학제품,원부자재,"이산화티타늄 (titanium dioxide, TiO2]","강도, 내식성, 내열성, 무독성, 생체적합성을 고루 갖춘 금속산화물",이산화티타늄 1kg 생산,이산화티타늄 1kg,2003,환경부,"이산화티타늄(Titanium dioxide)의 원료획득에서 생산, 수송, 사용, 환경설비 및 유틸리티에 이르는 제품과 관련된 모든 과정을 고려하는 ""cradle to gate"""
210,물질제조,화학제품,원부자재,"인산_건식 [phosphoric acids, H3PO4_dry]",비료의 주원료,인산 1kg 생산,인산 1kg,2003,환경부,"인산을 생산하기 위한 주원료인 인광석의 운반 및 인산 제조 단계의 각 단위 공정, 관련 환경 설비 및 유틸리티를 포함"
209,물질제조,화학제품,원부자재,"인산_습식 [phosphoric acids, H3PO4_wet]",금속 표면 처리제의 주원료,인산 1kg 생산,인산 1kg,2003,환경부,"주원료인 인광석의 운반 및 인산 제조 단계의 각 단위 공정, 관련 환경 설비 및 유틸리티를 포함"
208,물질제조,화학제품,원부자재,제올라이트 [zeolite],세제의 첨가제,제올라이트 1kg 생산,제올라이트 1kg,2003,환경부,"제올라이트를 생산하기 위한 주원료인Aluminium trihydroxide, NaOH, Na-silicate 의 운반 및 제올라이트 제조 단계의 각 단위공정, 관련 환경 설비 및 유틸리티에 이르는 제품과 관련된 모든 과정을 고려하는 ""cradle to gate"""
207,물질제조,화학제품,원부자재,"질산 [nitric acid, HNO3]","비료, 니트로 화합물, 염료 등의 주원료",질산 1kg 생산,질산 1kg,2003,환경부,"질산의 원료물질을 채취하는 단계에서부터 생산, 수송, 사용, 환경설비 및 유틸리티에 이르는 제품과 관련된 모든 전과정을 고려하는 Cradle to Gate로 정의"
206,물질제조,화학제품,원부자재,"질산나트륨 [sodium nitrate, NaNO3]","비료, 초서, 화학약품 등의 원료로 사용",질산나트륨 1kg 생산,질산나트륨 1kg,2003,환경부,해외의 질산나트륨의 제조단계부터 국내로의 수송단계를 포함하는 시스템으로 정의
205,물질제조,화학제품,원부자재,"질소[nitrogen, N2]",일반공업용으로 사용,질소 1kg 생산,질소 1kg,2003,환경부,"원료물질을 채취하는 단계에서부터 생산, 수송, 사용, 환경설비 및 유틸리티에 이르는 제품과 관련된 모든 전과정을 고려하는 Cradle to Gate로 정의"
204,물질제조,화학제품,원부자재,"청화소다 [sodium cyanide, NaCN]",선광용 약품의 주원료로 사용,청화소다 1kg 생산,청화소다 1kg,2004,환경부,청화소다를 생산하기 위한 원료물질을 취득하는 단계에서부터 청화소다를 제조까지의 과정을 포함하는 cradle to gate로 정의
203,물질제조,화학제품,원부자재,카본블랙 [carbon black],"자동차 및 항공기 등의 타이어용 고무보강제, 산업용 페인트, 플라스틱 및 섬유용 척색제, 각종인쇄용",Carbon black 1kg 생산,Carbon black 1kg,2004,환경부,"원료물질을 채취하는 단계에서부터 Carbon black을 제조하는 과정까지를 포함하는 ""cradle to gate""로 정의"
202,물질제조,화학제품,원부자재,"카프로락탐 [caprolactam, C6H11NO]",나일론 수지 및 섬유의 주원료,Caprolactam 1kg 생산,Caprolactam 1kg,2004,환경부,"원료물질을 채취하는 단계에서부터 Caprolactam을 제조하는 과정을 포함하는 ""cradle to gate""로 정의"
201,물질제조,고무,원부자재,"폴리부타디엔 고무 [low-cis polybutadiene rubber, LBR]",수지의 주원료로 사용되는 LBR,LBR 1kg 생산,LBR 1kg,2003,환경부,폴리부타디엔고무(BR)을 생산하기 위한 원료물질을 취득하는 단계에서부터 BR을 제조하여 포장하는 단계까지의 과정을 포함하는 cradle to gate
200,물질제조,고무,원부자재,"폴리부타디엔 고무 [polybutadiene bubber, BR]","내마모성, 반발탄성, 충격보강의 기능을 가진 합성고무",BR 1kg 생산,BR 1kg,2003,환경부,"주 원료물질인 1,3-butadiene과 보조물질의 원료채취 단계에서부터 RB제조, 포장, 출고단계까지를 포함하는 cradle to gate"
199,물질제조,금속,원부자재,스테인레스 열연코일 [stainless hot rolled coil],"주방용품, 자동차 내외장재용 철강소재",스테인레스 열연코일 1kg 생산,스테인레스 열연코일 1kg,2003,환경부,"스테인레스 열연코일의 주요 원료인 고철 및 주요보조물질의 원료 채취단계와 국내 공장까지의 수송과 스테인레스 열연코일 제조공정 및 관련 환경설비와 유틸리티를 포함하는 것으로서 이는 ""cradle to gate""를 범위로 함"
198,물질제조,금속,원부자재,스테인레스강 [stainless steel],"자동차배관, 주방용품, 전자제품 등의 원료로 사용",STS강 1kg 생산,STS강 1kg,2005,환경부,STS강의 시스템 경계는 원료물질을 채취하는 단계에서부터 STS강을 제조까지의 과정을 포함하는 cradle to gate로 정의
197,물질제조,금속,원부자재,스틸코드 [steel cord],자동차 타이어 보강재 등,스틸코드 1kg 생산,스틸코드 1kg,2003,환경부,본 연구의 시스템 경계는 스틸코드(Steel Cord)의 원자재인 선재를 생산하기 위하여 필요한 철광석 채취 단계에서부터 스틸코드를 생산하는 단계까지(cradle to gate)로 설정
196,물질제조,금속,원부자재,스틸코드 [steel cord],자동차용 타이어의 내구성을 위한 보강재,스틸코드 1kg 생산,스틸코드 1kg,2005,환경부,"본 LCI 모듈에서는 전체제품시스템에 대한 누적질량기여도(cumulative contribution)에 근거하여 사전에 결정된 비율(예 98%)을 구성하는 물질을 포함시켰으며 부가적으로 환경연관성을 고려하여 유해화학물질을 추가시킨 결과, Cut-off level이 98.7%까지 확대되었다. 투입물분석을 통해 주요 질량기여도를 갖는 Wire rod에 대해서는 원료채취단계에서부터 국내 공장까지의 수송단계, 제조단계를 모두 포함하였다. 또한 제조단계에서 투입되는 전기, 스팀, 용수 등과 같은 에너지 집약적인 공정은 100% 모두 포함시키는 것으로 하였다."
195,물질제조,금속,원부자재,아연괴[zinc ingot],"함석, 합금재료 등으로 사용되는 보통 아연",아연 1kg 생산,아연 1kg,2003,환경부,아연의 주 원료물질인 아연정광과 보조물질의 원료 채취 단계에서부서 아연을 제조하는 단계까지를 포함하는 cradle to gate
194,물질제조,금속,원부자재,전기아연도금강판 [electronic galvanized steel sheet],"가전제품 내판, 건축자재, 자동차 내판 등",전기아연도금강판 1kg 생산,전기아연도금강판 1kg,2005,환경부,"본 연구의 시스템 경계는 전기아연도금강판(Electronic galvanized steel sheet)의 원료인 철광석, 석탄 그리고 석회석 등의 채취 단계에서부터 전기아연도금강판을 생산하는 단계까지(cradle to gate)로 설정"
193,물질제조,금속,원부자재,열연코일 [hot rolled steel coil],"자동차, 건자재, 강관, 가전기기용 철강소재",열연코일 1kg 생산,열연코일 1kg,2003,환경부,"원료물질인 철광석, 석탄, 석회석의 용해하여 열연코일을 생산하는 포항제철의 경우 전체 제품시스템에 대하여 99%의 Cut-off level이내에 포함되는 물질들을 시스템경계안에 포함시켰다. 투입물분석 결과 주요 질량기여도를 갖는 철광석, 석탄, 석회석에 대해서는 원료채취에서부터 국내 현장까지의 수송단계, 제조단계를 모두 포함하였으며 독성 및 환경영향이 있는 유해화학물질들을 포함하였다. 또한 제조단계에서 투입되는 전기, 스팀, 용수 등과 같은 에너지 집약적인 공정은 100% 모두 포함시키는 것으로 한다."
192,물질제조,금속,원부자재,용융아연도금강판 [hot-dipped galvanized steel sheet],"가전제품, 건축자재 및 가구류, 자동차 소재용",용융아연도금강판 1kg 생산,용융아연도금강판 1kg,2005,환경부,"본 연구의 시스템 경계는 용융아연도금강판(Hot-dipped galvanized steel sheet)의 원료인 철광석, 석탄 그리고 석회석 등의 채취 단계에서부터 용융아연도금강판을 생산하는 단계까지(cradle to gate)로 설정"
191,물질제조,금속,원부자재,주석도금강판 [tin-plated steel sheet],"식관, 일반관, 각종 전자부품의 소재 등",주석도금강판 1kg 생산,주석도금강판 1kg,2005,환경부,주석도금강판의 원료 채취 단계에서부터 주석도금강판을 생산하는 과정을 포함하는 cradle to gate로 설정
190,물질제조,금속,원부자재,크롬도금강판 [tin-free steel sheet],식품 및 전기부품의 외피용 철강소재,크롬도금강판 1 kg 생산,크롬도금강판 1 kg,2003,환경부,"크롬도금강판의 경우 원료소재인 석도원판이 생산되는 포항제철 생산부분을 모두 포함한 전체 제품시스템의 cut-off level이 99%가 되도록 시스템경계를 설정하였으며 보조물질 중 Sodium Hydroxide 100%(가성소다), Chromatic acid(크롬산), Polymer, Sodium chloride(염산)이 독성 및 환경영향이 있는 유해화학물질로서 제품시스템에 포함되었다. 투입물분석 결과 주요 질량기여도를 갖는 철광석, 석탄, 석회석등에 대한 원료채취 및 수송, 제조단계의 경우는 크롬도금강판의 원료소재인 석도원판을 생산하여 공급하는 포항제철에서 활용되고 있는 TEAM D/B를 적용하였으며 제조단계에서 투입되는 전기, 스팀, 용수 등과 같은 에너지 집약적인 공정은 100% 모두 포함시키는 것으로 설정"
189,물질제조,금속,원부자재,탄소강 [carbon steel],"건축자재 구조물용, 자동차용, 생활가전 등의 원료로 사용되는 범용적인 탄소강",탄소강 1kg 생산,탄소강 1kg,2005,환경부,탄소강의 원료를 채취 단계에서부터 탄소강 생산까지의 과정을 포함하는 cradle to gate로 설정
188,물질제조,금속,원부자재,후판 [steel plates],"선박 또는 자동차, 교량 등의 지지대 또는 몸체",후판 1kg 생산,후판 1kg,2005,환경부,후판(Steel Plates) 의 원자재인 슬래브를 생산하기 위해 필요한 철광석을 채취하는 단계에서부터 후판을 생산하는 단계까지(cradle to gate)로 설정
187,물질제조,금속,원부자재,스테인레스 냉연코일_광휘소둔 [stainless cold rolled coil_bright annealing],"주방용품, 엘리베이터, 자동차 내·외장재용 철강소재",스테인레스 냉연코일 1kg 생산,스테인레스 냉연코일 1kg,2003,환경부,"포항제철은 국내에서 유일하게 스테인레스 냉연코일의 원료물질인 고철에 대한 제선(용해)공정부터 스테인레스 냉연코일 생산까지 일관체제를 갖추고 있는 포항제철 사이트에 대해서 전체 제품시스템에 대한 누적질량기여도 99%를 기준으로 하여 시스템경계를 설정하였다. 포항제철로부터 스테인레스 냉연코일의 중간소재가 되는 스테인레스 열연코일을 공급받아 본 제품을 생산하는 국내 철강업체의 경우도 동일한 cut-off level을 적용하였다. 광휘소둔처리용 냉연코일의 경우 유해화학물질로 조사된 Sulfuric acid(황산), Polymer가 시스템경계안에 포함되었다. 또한 제조단계에서 투입되는 전기, 스팀, 용수 등과 같은 에너지 집약적인 공정은 100% 모두 포함시키는 것으로 하였다."
186,물질제조,금속,원부자재,스테인레스 냉연코일_소둔산세 [stainless cold rolled coil_annealing picking],"주방용품, 엘리베이터, 자동차 내·외장재용 철강소재",스테인레스 냉연코일 1kg 생산,스테인레스 냉연코일 1kg,2003,환경부,"포항제철은 국내에서 유일하게 스테인레스 냉연코일의 원료물질인 고철에 대한 제선(용해)공정부터 스테인레스 냉연코일 생산까지 일관체제를 갖추고 있는 포항제철 사이트에 대해서 전체 제품시스템에 대한 누적질량기여도 99%를 기준으로 하여 시스템경계를 설정하였다. 포항제철로부터 스테인레스 냉연코일의 중간소재가 되는 스테인레스 열연코일을 공급받아 본 제품을 생산하는 국내 철강업체의 경우도 동일한 cut-off level을 적용하였다. 소둔산세처리용 냉연코일의 경우 유해화학물질로 조사된 Sodium chloride(염산), Polymer가 시스템경계안에 포함되었다. 또한 제조단계에서 투입되는 전기, 스팀, 용수 등과 같은 에너지 집약적인 공정은 100% 모두 포함시키는 것으로 하였다."
185,수송,공통,수송,전기기차 수송(Railroad transportation-electricity),화물수송,화물 1ton·km,화물 1ton·km,2000,지식경제부,* 공정설명 : 전기기차에 의한 화물수송 * 반영 기술 : 현재(1999년)의 국내 수송 기술 반영
184,가공및시공,제조공정,공정,플라스틱 PP 용착 (Plastics PP Welding),PP의 접합,PP 용착 1m,PP 용착 1m,2000,지식경제부,* 공정설명 : PE를 초음파용착공정으로 용착하는 공정 * 단위공정 : 용착공정으로 데이터를 수집 * 반영 기술 : 현재(1999년) PP 용착공정에 사용되는 기술에 대한 생산비 중량평균 적용
183,가공및시공,제조공정,공정,플라스틱 PS 용착(Plastics PS Welding),PS의 접합,PS 용착 1m,PS 용착 1m,2000,지식경제부,* 공정설명 : PE를 초음파용착공정으로 용착하는 공정 * 단위공정 : 용착공정으로 데이터를 수집 * 반영 기술 : 현재(1999년) PS 용착공정에 사용되는 기술에 대한 생산비 중량평균 적용
182,가공및시공,제조공정,공정,플라스틱 진공성형 (Plastics Vacuum Forming),플라스틱의 진공성형,플라스틱 진공성형 1kg,플라스틱 진공성형 1kg,2002,지식경제부,플라스틱 sheet에 열을 가하여 연화시킨 후 대기압을 이용해 가공하는 공정
181,가공및시공,제조공정,공정,플라스틱 ABS 용착(Plastics ABS Welding),ABS의 접합,ABS 용착 1m,ABS 용착 1m,2000,지식경제부,* 공정설명 : PE를 초음파용착공정으로 용착하는 공정 * 단위공정 : 용착공정으로 데이터를 수집 * 반영 기술 : 현재(1999년) ABS 용착공정에 사용되는 기술에 대한 생산비 중량평균 적용
180,가공및시공,제조공정,공정,플라스틱 PE 용착(Plastics PE Welding),PE의 접합,PE 용착 1m,PE 용착 1m,2000,지식경제부,* 공정설명 : PE를 초음파용착공정으로 용착하는 공정 * 단위공정 : 용착공정으로 데이터를 수집 * 반영 기술 : 현재(1999년) PE 용착공정에 사용되는 기술에 대한 생산비 중량평균 적용
179,가공및시공,제조공정,공정,프레싱(Pressing)(PVC),플라스틱 프레스,PVC 프레스 1kg,PVC 프레스 1kg,2001,지식경제부,공정설명 : 플라스틱 분말을 예열된 금형에 넣어 열과 압력을 가한 뒤 경화시켜 원하는 제품을 만드는 공정 단위공정 : pressing(프레스성형) 공정을 하나의 단위공정으로 보고 데이터를 수집 반영기술 : 현재(2000년) Pressing 공정에 사용되는 기술에 대한 생산중량 평균적용
178,가공및시공,제조공정,공정,반응사출성형(Reaction Injection Molding),플라스틱의 반응사출성형,플라스틱의 반응사출성형 1kg,플라스틱의 반응사출성형 1kg,2002,지식경제부,* 공정설명 : polyol과 isocyanate를 중합하여 PU폼 제품을 생산하는 공정 * 단위공정 : 반응사출성형을 단위공정으로 데이터를 수집 * 반영 기술 : 현재(2001년) 폴리우레탄 제품을 생산에 사용되는 기술 적용
177,가공및시공,제조공정,공정,플라스틱 PVC 용착(Platics PVC Welding),PVC의 접합,PVC 용착 1m,PVC 용착 1m,2000,지식경제부,* 공정설명 : PE를 초음파용착공정으로 용착하는 공정 * 단위공정 : 용착공정으로 데이터를 수집 * 반영 기술 : 현재(1999년) PVC 용착공정에 사용되는 기술에 대한 생산비 중량평균 적용
176,가공및시공,제조공정,공정,플라즈마 절단(Plazma cutting),철금속을 절단,플라즈마 절단 1m,플라즈마 절단 1m,2001,지식경제부,플라즈마 절단공정으로 철금속 절단
175,가공및시공,제조공정,공정,SAW 탄소강용접(Submerged Arc Welding-Carbon Steel),용접재료와 모재 철판 사이에 아크를 발생시켜 열로 철금속을 가열하여 접합시킴,SAW(탄소강용) 1kg,SAW(탄소강용) 1kg,2001,지식경제부,용접재료와 모재철판 사이를 가열 접합 공정
174,가공및시공,제조공정,공정,SAW 스테인레스 용접(Submerged Arc Welding-Stainless Steel),용접재료와 모재 철판 사이에 아크를 발생시켜 열로 철금속을 가열하여 접합시킴,SAW(스테인레스강용) 1kg,SAW(스테인레스강용) 1kg,2001,지식경제부,용접재료와 모재철판 사이를 가열 접합 공정
173,가공및시공,제조공정,공정,주석도금공정(Tin electro-plating),주석도금 1m2,주석도금 1m2,주석도금제품 생산,2008,지식경제부,"전기주석도금 제품을 생산하기 위한 공정은 크게 전처리, 전기도금, 후처리 등으로 나뉘며 지며 각각의 도금공정 사이에 물로 세척하는 수세 공정이 포함된다. 세부적인 공정은 다음과 같음 - 산(알칼리)탈지: 제품표면 탈지 이전 산성용액과 알칼리 용액에서 차례로 제품을 담가 이물질 등 오염물질의 탈지 - 침전탈지: 약 산성 용액에 제품을 투입해 표면으로부터 유지나 더러움을 물리화학적 방법으로 제거. - 전해탈지: 침전탈지로 제거되지 못한 제품표면의 오염물을 다시한번 알칼리 용액 중에서 제품에 전력을 연결, 전해해서 표면으로부터 유지나 더러움을 제거. - 전기주석도금: 제품을 주석도금액에 투입하여 전기화학적으로 석출(전착)시켜 표면에 처리 - 활성화: 표면의 부동태를 파괴할 목적으로 하는 처리 - 건조: 제품을 건조시킴 - 검사: 도금상태 점검, 이물질 등 검사"
172,가공및시공,제조공정,공정,아연도금공정(Zinc electro-plating),아연도금 1m2,아연도금 1m2,아연도금제품 생산,2008,지식경제부,"- 산처리: 제품표면 탈지 이전 산성용액에서 제품의 표면을 산성화시킴으로써 이물질 등 오염물질의 탈지 전처리 - 침전탈지: 알칼리 용액 중에 제품을 투입해 표면으로부터 유지나 더러움을 물리화학적 방법으로 제거. - 전해탈지: 침전탈지로 제거되지 못한 제품표면의 오염물을 다시한번 알칼리 용액 중에서 제품에 전력을 연결, 전해해서 표면으로부터 유지나 더러움을 제거. - 아연도금: 제품 표면에 금속을 전기화학적으로 석출(전착)시키는 표면처리. - 건조: 제품"
171,가공및시공,제조공정,공정,프레스 가공(Press process),철금속에 압력을 가해 여러 형상으로 가공,프레스 공정 3500톤,프레스 공정 3500톤,2001,지식경제부,"금형을 사용해 철금속에 압력을 가해 다른 형상으로 가공, 3500T 프레스 공정"
170,수송,공통,수송,기차 수송(Railroad transportation),화물수송,화물 1ton·km,화물 1ton·km,2000,지식경제부,* 공정설명 : (전기+디젤)기차로화물을 수송 * 반영 기술 : 현재(1999년) 국내 기차수송에 사용되는 (전기+디젤)기차에 대한 수송량의 중량평균을 적용한 수송 기술 반영
169,수송,공통,수송,디젤기차 수송(Railroad transportation-diesel),화물수송,화물 1ton·km,화물 1ton·km,2000,지식경제부,* 공정설명 : 디젤기관차로화물을 수송 * 반영 기술 : 현재(1999년)의 국내 수송 기술 반영
168,수송,공통,수송,4.5톤트럭 수송-60kmh(Road transportation-4.5ton truck 60kmh),화물수송,화물 1ton·km,화물 1ton·km,1999,지식경제부,* 공정설명 : 11.5 ton 트럭을 이용하여 60Km/hr로 국도를 이용하여 500Km 수송 * 단위공정 : 원유 채취 공정 및 디젤 생산 공정 수송 단계의 데이터를 수집 * 반영기술 : 현재(1999년) 사용하는 diesel유를 사용하며 최대 적재량은 9 ton
167,수송,공통,수송,4.5톤트럭 수송-80km/h(Road transportation-4.5ton truck 80km/h),화물수송,화물 1ton·km,화물 1ton·km,1999,지식경제부,* 공정설명 : 11.5 ton 트럭을 이용하여 80Km/hr로 고속도로를 이용하여 500Km 수송 * 단위공정 : 원유 채취 공정 및 디젤 생산 공정 수송 단계의 데이터를 수집 * 반영 기술 : 현재(1999년) 사용하는 diesel유를 사용하며 최대 적재량은 9 ton
166,수송,공통,수송,11.5톤트럭 수송-60kmh(Road transportation-11.5ton truck 60kmh),화물수송,화물 1ton·km,화물 1ton·km,2000,지식경제부,* 공정설명 : 4.5톤트럭으로 국도를 이용하여 화물을 수송 * 반영 기술 : 현재(1999년)의 국내 수송 기술 반영
165,수송,공통,수송,11.5톤트럭 수송-80kmh(Road transportation-11.5ton truck 80kmh),화물수송,화물 1ton·km,화물 1ton·km,2000,지식경제부,* 공정설명 : 4.5톤트럭으로 고속도로를 이용하여 화물을 수송 * 반영 기술 : 현재(1999년)의 국내 수송 기술 반영
164,물질제조,공통,유틸리티,순수(Demi water),"보조원료, 스팀 및 보일러 수 제조",순수 1kg,순수 1kg,2003,지식경제부,* 공정설명 : 여과수를 사용하여 순수 생산 * 단위공정 : 순수 제조공정
163,물질제조,공통,유틸리티,스팀(Steam),"열교환용, 전기생산",스팀 1MJ,스팀 1MJ,2003,지식경제부,* 공정설명 : 순수를 사용하여 스팀 생산 * 단위공정 : 스팀 제조공정
162,물질제조,공통,에너지,내부전기(Electricity-CHP),공정 가동용,전기 1kWh,전기 1kWh,2003,지식경제부,* 공정설명 : 스팀을 사용하여 전기 생산 * 단위공정 : 전기 제조공정
161,물질제조,공통,유틸리티,여과수(Filtered Water),공정 가동용,여과수 1kg,여과수 1kg,2003,지식경제부,* 공정설명 : 원수를 사용하여 여과수 생산 * 단위공정 : 여과수 제조공정
160,가공및시공,제조공정,공정,필름 PP 압출(Film PP Extrusion),PP Film 의 압출성형,PP film 압출 1kg,PP film 압출 1kg,2000,지식경제부,* 공정설명 : 고분자 물질을 원료로 플라스틱 압출성형제품을 생산하는 공정 * 단위공정 : 압출공정 단일공정으로 데이터 수집 * 반영 기술 : 현재(1999년) 압출성형에 의한 PP sheet 제품 생산에 사용되는 기술에 대해 생산비 중량평균 적용
159,가공및시공,제조공정,공정,쉬트 PP 압출(Sheet PP Extrusion),PP Sheet 의 압출성형,PP sheet 압출 1kg,PP sheet 압출 1kg,2000,지식경제부,* 공정설명 : 고분자 물질을 원료로 플라스틱 압출성형제품을 생산하는 공정 * 단위공정 : 압출공정 단일공정으로 데이터 수집 * 반영 기술 : 현재(1999년) 압출성형에 의한 PP sheet 제품 생산에 사용되는 기술에 대해 생산비 중량평균 적용
158,가공및시공,제조공정,공정,컴파운딩 PS 압출(Compounding PS Extrusion),PS Compounding 의 압출성형,PS compounding 압출 1kg,PS compounding 압출 1kg,2000,지식경제부,* 공정설명 : 고분자 물질을 원료로 플라스틱 압출성형제품을 생산하는 공정 * 단위공정 : 압출공정 단일공정으로 데이터 수집 * 반영 기술 : 현재(1999년) 압출성형에 의한 PS compounding 제품 생산에 사용되는 기술에 대해 생산비 중량평균 적용
157,가공및시공,제조공정,공정,쉬트 PS 압출(Sheet PS Extrusion),PS Sheet 의 압출성형,PS sheet 압출 1kg,PS sheet 압출 1kg,2000,지식경제부,* 공정설명 : 고분자 물질을 원료로 플라스틱 압출성형제품을 생산하는 공정 * 단위공정 : 압출공정 단일공정으로 데이터 수집 * 반영 기술 : 현재(1999년) 압출성형에 의한 PS sheet 제품 생산에 사용되는 기술에 대해 생산비 중량평균 적용
156,가공및시공,제조공정,공정,PE 사출성형(PE Injection molding),PE의 사출성형,PE Injection Molding 1kg,PE Injection Molding 1kg,1999,지식경제부,"공정설명 : 실린더 속에서 가열 용융시킨 PE(Polyethylene)을 노즐을 통하여 폐쇄된 거푸집 속으로 사출하여, 냉각 고화시켜 제품을 만들어 내는 공정 단위공정 :PE injection molding(사출성형) 공정을 하나의 단위공정으로 보고 데이터를 수집 반영기술 : 현재(1998년) PE Injection Molding 공정에 사용되는 기술에 대한 생산중량 평균적용"
155,가공및시공,제조공정,공정,PS 사출성형(PS Injection molding),PS의 사출성형,PS Injection Molding 1kg,PS Injection Molding 1kg,1999,지식경제부,"공정설명 : 실린더 속에서 가열 용융시킨 PS(Polystyrene)을 노즐을 통하여 폐쇄된 거푸집 속으로 사출하여, 냉각 고화시켜 제품을 만들어 내는 공정 단위공정 : PS injection molding(사출성형) 공정을 하나의 단위공정으로 보고 데이터를 수집 반영기술 : 현재(1998년) PVC Injection Molding 공정에 사용되는 기술에 대한 생산중량 평균적용"
154,가공및시공,제조공정,공정,PVC 사출성형(PVC Injection molding),"PE, PS, PVC의 사출성형",PE Injection Molding 1kg,PE Injection Molding 1kg,2001,지식경제부,"공정설명 : 실린더 속에서 가열 용융시킨 PVC를 노즐을 통하여 폐쇄된 거푸집 속으로 사출하여, 냉각 고화시켜 제품을 만들어 내는 공정 단위공정 : injection molding(사출성형) 공정을 하나의 단위공정으로 보고 데이터를 수집 반영기술 : 현재(2000년) PVC Injection Molding 공정에 사용되는 기술에 대한 생산중량 평균적용"
153,부품제조,전기전자,부품,연성 인쇄회로기판(Flexible printed circuit board),CL 및 CCL을 주원료로 하는 연성 인쇄회로기판 생산,연성 인쇄회로기판 1kg,연성 인쇄회로기판 1kg,2005,지식경제부,연성 인쇄회로기판 생산
152,부품제조,전기전자,부품,알루미늄 전해콘덴서(Aluminum chemical condenser 10φ×12.5mm),"국내에서 생산되는 알루미늄 전해콘덴서(chemical condenser) 중, 지름이 10mm이고 높이가 12.5mm인 제품",Al condenser(10pi-12.5mm) 1EA(1EA : 0.00209kg),Al condenser(10pi-12.5mm) 1EA(1EA : 0.00209kg),2002,지식경제부,국내 알루미늄 전해콘덴서(Chemical Condenser) 10pi-12.5mm 생산
151,부품제조,전기전자,부품,알루미늄 전해콘덴서(Al condenser(10pi-16mm)),"국내에서 생산되는 알루미늄 전해콘덴서(chemical condenser) 중, 지름이 10mm이고 높이가 16mm인 제품",Aluminum Chemical Condenser(10pi-16mm) 1EA(1EA : 0.00259kg),Aluminum Chemical Condenser(10pi-16mm) 1EA(1EA : 0.00259kg),2002,지식경제부,국내 알루미늄 전해콘덴서(Chemical Condenser) 10pi-16mm 생산
150,부품제조,전기전자,부품,알루미늄 전해콘덴서(Al condenser(10pi-20mm)),"국내에서 생산되는 알루미늄 전해콘덴서(chemical condenser) 중, 지름이 10mm이고 높이가 20mm인 제품",Aluminum Chemical Condenser(10pi-20mm) 1EA(1EA : 0.00285kg),Aluminum Chemical Condenser(10pi-20mm) 1EA(1EA : 0.00285kg),2002,지식경제부,국내 알루미늄 전해콘덴서(Chemical Condenser) 10pi/20mm 생산
149,부품제조,전기전자,부품,알카라인 전지 AA(Alkaline battery AA Type),"음극 작용 물질은 아연, 양극 작용 물질은 이산화망간, 수산화칼륨을 전해액으로 하는 알카라인 전지 생산",Alkaline Battery AA Type 1unit,Alkaline Battery AA Type 1unit,2007,지식경제부,Alkaline Battery AA Type 생산
148,부품제조,전기전자,부품,알카라인 전지 AAA(Alkaline Battery AAA Type),"음극 작용 물질은 아연, 양극 작용 물질은 이산화망간, 수산화칼륨을 전해액으로 하는 알카라인 전지 생산",Alkaline Battery AAA Type 1unit,Alkaline Battery AAA Type 1unit,2007,지식경제부,Alkaline Battery AAA Type 생산
147,부품제조,전기전자,부품,탄소박막 리드저항 18W(Carbon film resistor 18W),"국내에서 생산되는 다이오드(diode) 중, PN접합형으로서 순방향 6A, 1A 120mA 규격 제품의 생산 데이터","Diode (PN, 6A, 1A, 120mA) 1EA(1EA : 10.919g)","Diode (PN, 6A, 1A, 120mA) 1EA(1EA : 10.919g)",2002,지식경제부,"Diode (PN, 6A, 1A, 120mA) 생산"
146,부품제조,전기전자,부품,"다이오드 PN접합형 순방향(Diode PN-type 6A, 1A, 120mA)","국내에서 생산되는 다이오드(diode) 중, PN접합형으로서 순방향 6A, 1A 120mA 규격 제품의 생산 데이터","Diode (PN, 6A, 1A, 120mA) 1EA(1EA : 10.919g)","Diode (PN, 6A, 1A, 120mA) 1EA(1EA : 10.919g)",2003,지식경제부,"Diode (PN, 6A, 1A, 120mA) 생산"
145,부품제조,전기전자,부품,기기선 UL 1007-1569(Electric wire UL 1007-1569),"국내에서 생산되는 기기선 중, UL 1007/1569 규격의 기기선 생산과 관련된 데이터",기기선 1kg,기기선 1kg,2002,지식경제부,국내 기기선(UK1007/1569) 생산
144,부품제조,전기전자,부품,가용성 금속박막 리드저항 1/2W(Fusible metal film resistor 1/2W),국내에서 생산되는 가용성 금속박막 리드저항기(Fusible Metal Film Lead Resistor) 중 1/2W의 저항값을 가지며 일반크기인 제품,Fusible Metal Film Resistor 1EA(1EA : 0.394g),Fusible Metal Film Resistor 1EA(1EA : 0.394g),2002,지식경제부,Fusible Metal film resistor(1 2W)
143,부품제조,전기전자,부품,리드선 SDA 0.5mm(Lead wire SDA 0.5mm),"국내에서 생산되는 리드선(Lead Wire) 중, 납을 도금한 SDA 0.5mm 제품",Lead Wire S0.5 1kg,Lead Wire S0.5 1kg,2002,지식경제부,국내 리드선(Lead Wire) S0.5 생산
142,가공및시공,제조공정,공정,알루미늄 아노다이징(Aluminum anodising),알루미늄 아노다이징 생산,알루미늄 아노다이징 1m2,알루미늄 아노다이징 1m2,2008,지식경제부,"알루미늄 아노다이징 제품을 생산하기 위한 공정은 크게 전처리, 도금처리(피막처리), 후처리 등으로 나뉘며 지며 각각의 도금공정 사이에 물로 세척하는 수세 공정이 포함된다. 세부적인 공정은 다음과 같음 - 산(용제)탈지: 용제(질산)를 사용하여 금속 표면의 유지 등을 제거 - 알칼리에칭(화학적 전처리): 알칼리 용액을 이용해 화학적으로 표면을 용해하면서 거칠게 함 - 피막처리(도금처리): 양극 처리에 의하여 전극 표면에 일어나는 산화 반응을 이용하여 피막 생성 - 건조: 제품을 건조시킴 - 검사: 도금상태 점검, 이물질 등 검사"
141,가공및시공,제조공정,공정,연질 PVC 캘린더링(Flexible PVC Calendering),PVC sheet와 film의 캘린더링,PVC(연질) Calendering 1kg,PVC(연질) Calendering 1kg,2001,지식경제부,"공정설명 : PVC와 가소제, 안정제, 각종 첨가제를 혼합, 압연 roll을 통하여 gel상태에서 시트나 필름을 제조하는 공정 단위공정 : Calendering(캘린더링) 공정을 하나의 단위공정으로 보고 데이터를 수집 반영기술 : 현재(2000년) PVC Calendering 공정에 사용되는 기술에 대한 생산중량 평균적용"
140,가공및시공,제조공정,공정,PVC 캘린더링(PVC Calendering),PVC sheet와 film의 캘린더링,PVC(통합) Calendering 1kg,PVC(통합) Calendering 1kg,2001,지식경제부,"공정설명 : PVC와 가소제, 안정제, 각종 첨가제를 혼합, 압연 roll을 통하여 gel상태에서 시트나 필름을 제조하는 공정 단위공정 : Calendering(캘린더링) 공정을 하나의 단위공정으로 보고 데이터를 수집 반영기술 : 현재(2000년) PVC Calendering 공정에 사용되는 기술에 대한 생산중량 평균적용"
139,가공및시공,제조공정,공정,크롬도금공정(Chromium electro-plating),크롬도금제품 생산,크롬도금공정 1m2,크롬도금공정 1m2,2008,지식경제부,크롬도금제품 생산
138,가공및시공,제조공정,공정,FCAW 탄소강 용접(Flux Cored Arc Welding-Carbon Steel),용접재료와 모재 철판 사이에 아크를 발생시켜 열로 철금속을 가열하여 접합시킴,FCAW(탄소강용) 1kg,FCAW(탄소강용) 1kg,2001,지식경제부,용접재료와 모재철판 사이를 가열 접합 공정
137,가공및시공,제조공정,공정,FCAW 스테인레스강용 용접(Flux Cored Arc Welding-Stainless Steel),용접재료와 모재 철판 사이에 아크를 발생시켜 열로 철금속을 가열하여 접합시킴,FCAW(스테인레스강용) 1kg,FCAW(스테인레스강용) 1kg,2001,지식경제부,용접재료와 모재철판 사이를 가열 접합 공정
136,가공및시공,제조공정,공정,GMAW 탄소강용접(Gas Metal Arc Welding-Carbon Steel),용접재료와 모재 철판 사이에 아크를 일으켜 철금속을 가열하여 접합.,GMAW(탄소강용) 1kg,GMAW(탄소강용) 1kg,2001,지식경제부,용접재료와 모재철판 사이를 가열 접합 공정
135,가공및시공,제조공정,공정,GMAW 스테인레스 용접(Gas Metal Arc Welding-Stainless Steel),용접재료와 모재 철판 사이에 아크를 일으켜 철금속을 가열하여 접합.,GMAW(스테인레스강용) 1kg,GMAW(스테인레스강용) 1kg,2001,지식경제부,용접재료와 모재철판 사이를 가열 접합 공정
134,가공및시공,제조공정,공정,알루미늄 다이캐스팅(Al Die Casting),Al의 다이캐스팅,알루미늄 다이캐스팅 1kg,알루미늄 다이캐스팅 1kg,2003,지식경제부,* 공정설명 : 알루미늄 합금을 다이캐스팅으로 성형하는 공정 * 단위공정 : 알루미늄 다이캐스팅 단일공정으로 데이터 수집 * 반영 기술 : 현재(2002년) 마그네슘다이캐스팅에 사용되는 기술에 대한 생산비 중량평균 적용
133,가공및시공,제조공정,공정,마그네슘 다이캐스팅(Mg Die Casting),마그네슘 다이캐스팅,마그네슘 다이캐스팅 1kg,마그네슘 다이캐스팅 1kg,2003,지식경제부,* 공정설명 : 마그네슘 합금을 다이캐스팅으로 성형하는 공정 * 단위공정 : 마그네슘 다이캐스팅 단일공정으로 데이터 수집 * 반영 기술 : 현재(2002년) 마그네슘다이캐스팅에 사용되는 기술에 대한 생산비 중량평균 적용
132,가공및시공,제조공정,공정,산소-아세틸렌 절단(Oxygen-Acetylene cutting),철금속을 절단,산소-아세틸렌 절단 1m,산소-아세틸렌 절단 1m,2001,지식경제부,산소-아세틸렌 절단공정으로 철금속을 절단
131,가공및시공,제조공정,공정,플라스틱 중공성형(Plastics Blow Molding),플라스틱의 중공성형,플라스틱 중공성형 제품 1kg,플라스틱 중공성형 제품 1kg,2002,지식경제부,성형 압출기로부터 재료를 튜브상에 압출하고 금형으로 삽입한 후 내부에 공기를 주입하여 중공 성형하는 중공성형 (Blow Molding)
130,가공및시공,제조공정,공정,컴파운딩 PE 압출(Compounding PE Extrusion),PE Compounding 의 압출성형,PE compounding 압출 1kg,PE compounding 압출 1kg,2000,지식경제부,* 공정설명 : 고분자 물질을 원료로 플라스틱 압출성형제품을 생산하는 공정 * 단위공정 : 압출공정 단일공정으로 데이터 수집 * 반영 기술 : 현재(1999년) 압출성형에 의한 PE compounding 제품 생산에 사용되는 기술에 대해 생산비 중량평균 적용
129,가공및시공,제조공정,공정,필름 PE 압출(Film PE Extrusion),PE Film 의 압출성형,PE film 압출 1kg,PE film 압출 1kg,2000,지식경제부,* 공정설명 : 고분자 물질을 원료로 플라스틱 압출성형제품을 생산하는 공정 * 단위공정 : 압출공정 단일공정으로 데이터 수집 * 반영 기술 : 현재(1999년) 압출성형에 의한 PE sheet 제품 생산에 사용되는 기술에 대해 생산비 중량평균 적용
128,가공및시공,제조공정,공정,파이프 PE 압출(Pipe PE Extrusion),PE Pipe 의 압출성형,PE pipe 압출 1kg,PE pipe 압출 1kg,2000,지식경제부,* 공정설명 : 고분자 물질을 원료로 플라스틱 압출성형제품을 생산하는 공정 * 단위공정 : 압출공정 단일공정으로 데이터 수집 * 반영 기술 : 현재(1999년) 압출성형에 의한 PE pipe 제품 생산에 사용되는 기술에 대해 생산비 중량평균 적용
127,가공및시공,제조공정,공정,쉬트 PE 압출(Sheet PE Extrusion),PE Sheet 의 압출성형,PE sheet 압출 1kg,PE sheet 압출 1kg,2000,지식경제부,* 공정설명 : 고분자 물질을 원료로 플라스틱 압출성형제품을 생산하는 공정 * 단위공정 : 압출공정 단일공정으로 데이터 수집 * 반영 기술 : 현재(1999년) 압출성형에 의한 PE sheet 제품 생산에 사용되는 기술에 대해 생산비 중량평균 적용
126,가공및시공,제조공정,공정,컴파운딩 PP 압출(Compounding PP Extrusion),PP Compounding 의 압출성형,PP compounding 압출 1kg,PP compounding 압출 1kg,2000,지식경제부,* 공정설명 : 고분자 물질을 원료로 플라스틱 압출성형제품을 생산하는 공정 * 단위공정 : 압출공정 단일공정으로 데이터 수집 * 반영 기술 : 현재(1999년) 압출성형에 의한 PP compounding 제품 생산에 사용되는 기술에 대해 생산비 중량평균 적용
125,부품제조,전기전자,부품,리드선 SDA 0.6mm(Lead wire SDA 0.6mm),"국내에서 생산되는 리드선(Lead Wire) 중, 납을 도금한 SDA 0.6mm 제품",Lead Wire S0.6 1kg,Lead Wire S0.6 1kg,2002,지식경제부,국내 리드선(Lead Wire) S0.6 생산
124,부품제조,전기전자,부품,리드선 TDA 0.6mm(Lead wire TDA 0.6mm),"국내에서 생산되는 리드선(Lead Wire) 중, 주석을 도금한 TDA 0.6mm 제품",Lead Wire T0.6 1kg,Lead Wire T0.6 1kg,2002,지식경제부,국내 리드선(Lead Wire) T0.6 생산
123,부품제조,전기전자,부품,리튬이온 전지(Lithium ion battery),리튬이온전지 1개 생산,리튬이온전지 1EA,리튬이온전지 1EA,2008,지식경제부,국가평균 리튬이온전지 제조공정
122,부품제조,전기전자,부품,리튬폴리머 전지(Lithium polymer battery),리튬폴리머전지 1개 생산,리튬폴리머전지 1EA,리튬폴리머전지 1EA,2008,지식경제부,국가평균 리튬폴리머전지 제조공정
121,부품제조,전기전자,부품,망간 전지 AA(Manganese battery AA Type),"이산화망간을 양극 작용 물질, 아연을 음극 작용 물질, 염화암모늄 또는 염화아연 등 중성염 수용액을 전해액으로 하는 망간 전지 생산",Manganese Battery AA 1unit,Manganese Battery AA 1unit,2007,지식경제부,Manganese Battery AA Type 생산
120,부품제조,전기전자,부품,망간 전지 AAA(Manganese Battery AAA Type),"이산화망간을 양극 작용 물질, 아연을 음극 작용 물질, 염화암모늄 또는 염화아연 등 중성염 수용액을 전해액으로 하는 망간 전지 생산",Manganese Battery AAA 1unit,Manganese Battery AAA 1unit,2007,지식경제부,Manganese Battery AAA Type 생산
119,부품제조,전기전자,부품,금속박막 리드저항 1/8W(Metal film resistor 1/8W),국내에서 생산되는 금속박막 리드저항기(Metal Film Lead Resistor) 중 1/8W의 저항값을 가지며 일반크기인 제품,Metal Film Resistor 1EA(1EA : 0.110g),Metal Film Resistor 1EA(1EA : 0.110g),2002,지식경제부,국내 금속박막 리드저항기(Metal Film Lead Resistor) 1/8W 생산
118,부품제조,전기전자,부품,막대 땜납 Sn60 Pb40(Solder bar Sn60 Pb40),원료인 주석(Sn)과 납(Pb)을 60:40의 비율로 용해 및 자동주조 생산,Solder bar Sn60/Pb40 1kg,Solder bar Sn60/Pb40 1kg,2003,지식경제부,Solder bar Sn60/Pb40 생산공정
117,부품제조,전기전자,부품,산화금속박막 리드저항 1W(Metal oxide film resistor 1W),국내에서 생산되는 산화금속박막 리드저항기(Metal Oxide Film Lead Resistor) 중 1W의 저항값을 가지며 일반크기인 제품,Metal Oxide film resistor 1EA(1EA : 0.495g),Metal Oxide film resistor 1EA(1EA : 0.495g),2002,지식경제부,국내 산화금속박막 리드저항기(Metal Oxide Film Lead Resistor) 1W 생산
116,부품제조,전기전자,부품,막대 땜납 Sn60/Pb40(Solder bar Sn60/Pb40),"원료인 주석(Sn), 납(Pb)과 은(Ag)을 60:40의 비율로 용해 및 자동주조 생산",Solder bar Sn60/Pb40 1kg,Solder bar Sn60/Pb40 1kg,2003,지식경제부,Solder bar Sn60/Pb40 생산공정
115,부품제조,전기전자,부품,막대 땜납 Sn62/Pb36/Ag2 (Solder bar Sn62 Pb36 Ag2),"원료인 주석(Sn), 납(Pb)과 은(Ag)을 62:36:2의 비율로 용해 및 자동주조 생산",Solder bar Sn62/Pb36/Ag2 1kg,Solder bar Sn62/Pb36/Ag2 1kg,2003,지식경제부,Solder bar Sn62/Pb36/Ag2 생산공정
114,부품제조,전기전자,부품,막대 땜납 Sn63/Pb37(Solder bar Sn63/Pb37),원료인 주석(Sn)과 납(Pb)을 63:37의 비율로 용해 및 자동주조 생산,Solder bar Sn63/Pb37 1kg,Solder bar Sn63/Pb37 1kg,2003,지식경제부,Solder bar Sn63/Pb37 생산공정
113,부품제조,전기전자,부품,수지입 땜납 Sn60/Pb40(Rosin flux cored Solder Sn60/Pb40),"원료인 주석(Sn)과 납(Pb)을 60:40의 비율로 용해 및 자동주조 생산, 땜납 중심에 flux 주입",Solder flux wire Sn60/Pb40 1kg,Solder flux wire Sn60/Pb40 1kg,2003,지식경제부,Solder flux wire Sn60/Pb40 생산공정
112,부품제조,전기전자,부품,수지입 땜납 Sn62/Pb36/Ag2(Rosin flux cored Solder Sn62/Pb36/Ag2),"원료인 주석(Sn), 납(Pb) 및 은(Ag)을 62:36:2의 비율로 용해 및 자동주조 생산, 땜납 중심에 flux 주입",Solder flux wire Sn62/Pb36/Ag2 1kg,Solder flux wire Sn62/Pb36/Ag2 1kg,2003,지식경제부,Solder flux wire Sn62/Pb36/Ag2 생산공정
111,부품제조,전기전자,부품,수지입 땜납 Sn63/Pb37(Rosin flux cored Solder Sn63/Pb37),"원료인 주석(Sn)과 납(Pb)을 63:37의 비율로 용해 및 자동주조 생산, 땜납 중심에 flux 주입",Solder flux wire Sn63/Pb37 1kg,Solder flux wire Sn63/Pb37 1kg,2003,지식경제부,Solder flux wire Sn63/Pb37 생산공정
110,부품제조,전기전자,부품,선상땜납 Sn60/Pb40(Solder wire Sn60/Pb40),원료인 주석(Sn)과 납(Pb)을 60:40의 비율로 용해 및 자동주조 생산,Solder wire Sn60/Pb40 1kg,Solder wire Sn60/Pb40 1kg,2003,지식경제부,Solder wire Sn60/Pb40 생산공정
109,부품제조,전기전자,부품,선상땜납 Sn63/Pb37(Solder wire Sn63/Pb37),원료인 주석(Sn)과 납(Pb)을 63:37의 비율로 용해 및 자동주조 생산,Solder wire Sn63/Pb37 1kg,Solder wire Sn63/Pb37 1kg,2003,지식경제부,Solder wire Sn63/Pb37 생산공정
108,부품제조,전기전자,부품,트랜지스터 200mW SC-70(Transistor 200mW SC-70),"Wire, 하우징, 터미널 등을 조립하여 와이어하네스 생산",와이어하니스 1kg,와이어하니스 1kg,2007,지식경제부,와이어하네스 생산
107,물질제조,화학제품,유틸리티,방청유(Rust preventive oil),방청유(Rust preventive oil) 생산,방청유 1kg,방청유 1kg,2008,지식경제부,공정설명: 방청유의 원료가 되는 석유계 용제에 방청 첨가물을 혼합해 가열 후 냉각시켜 제품을 생산
106,부품제조,화학제품,부품,OPP 테이프(OPP Tape),OPP 필름에 점착제를 도포하여 OPP테이프 생산,OPP 테이프 1m2,OPP 테이프 1m2,2008,지식경제부,OPP 테이프 생산
105,물질제조,제지,원부자재,신문용지(Newsprint),"신문용지 (Newsprint) 의 분류는 두루마리 형식의 권취지와 평판으로 재단된 평판지로 분류 할 수 있으며, 그 용도로는 신문 인쇄용, 전단지, 만화책 등에 보편적으로 사용되고 있다.",신문용지 1kg,신문용지 1kg,2003,지식경제부,"* 공정설명 : 원목 및 고지를 사용하여 신문지용 제지를 생산하는 공정 * 단위공정 : 원질공정, 초지공정, 포장공정의 공정으로 데이터 수집 * 반영 기술 : 현재(2002년) 신문용지생산에 사용되는 기술에 대한 생산비 중량평균 적용"
104,물질제조,제지,원부자재,인쇄용지(폐지 50% 미만 함유)(Printing paper-containing waste paper below 50%),"일반적으로 인쇄용지의 종류는 용도, 제조공정, 사용된 원료에 따라 구분 되는데 어떠한 목적에 따른 인쇄용지를 분류 한다는 것은 쉬운 일이 아니다. 본 연구에서는 인쇄용지를 100% 신재를 사용한 인쇄용지(신재), 50%미만의 고지를 함유한 인쇄용지(폐지함유 50%미만), 50%이상의 폐지를 함유한 인쇄용지(폐지함유 50%이상)으로 구분하였다. 초기 데이터 품질요건으로 시간적, 공간적, 기술적 범위는 대상업체 내부와 외부로 구분하여 설정하였다. 그러나 각 공정에 따라 적용요건이 다르므로 해당부분에서 언급하였다.",인쇄용지(폐지 50%이하) 1kg,인쇄용지(폐지 50%이하) 1kg,2003,지식경제부,"* 공정설명 : 고지, 원목, 펄프를 혼합하여 표백, 탈묵, 건조 공정을 거쳐 인쇄용지(폐지 50%이하) 를 생산 * 단위공정 : 원질공정, 초지공정, 포장공정으로 데이터를 수집 * 반영 기술 : 현재(2002) 인쇄용지 생산에 사용되는 기술에 대한 생산비 중량평균 적용"
103,물질제조,제지,원부자재,인쇄용지(폐지 50% 이상 함유)(Printing paper-containing waste paper over 50%),"일반적으로 인쇄용지의 종류는 용도, 제조공정, 사용된 원료에 따라 구분 되는데 어떠한 목적에 따른 인쇄용지를 분류 한다는 것은 쉬운 일이 아니다. 본 연구에서는 인쇄용지를 100% 신재를 사용한 인쇄용지(신재), 50%미만의 고지를 함유한 인쇄용지(폐지함유 50%미만), 50%이상의 폐지를 함유한 인쇄용지(폐지함유 50%이상)으로 구분하였다. 초기 데이터 품질요건으로 시간적, 공간적, 기술적 범위는 대상업체 내부와 외부로 구분하여 설정하였다. 그러나 각 공정에 따라 적용요건이 다르므로 해당부분에서 언급하였다.",인쇄용지(폐지50%이상) 1kg,인쇄용지(폐지50%이상) 1kg,2003,지식경제부,"* 공정설명 : 원목, 펄프 및 폐지를 원료로 하여 인쇄용지(폐지50%이상)를 생산하는 공정 * 단위공정 : 원질공정, 조성 및 초지공정, 포장공정의 공정으로 데이터 수집 * 반영 기술 : 현재(2002년) 인쇄용지(폐지50%이상)생산에 사용되는 기술"
102,물질제조,제지,원부자재,인쇄용지(신재)(Printing paper-virgin fiber),"일반적으로 인쇄용지의 종류는 용도, 제조공정, 사용된 원료에 따라 구분 되는데 어떠한 목적에 따른 인쇄용지를 분류 한다는 것은 쉬운 일이 아니다. 본 연구에서는 인쇄용지를 100% 신재를 사용한 인쇄용지(신재), 50%미만의 고지를 함유한 인쇄용지(폐지함유 50%미만), 50%이상의 폐지를 함유한 인쇄용지(폐지함유 50%이상)으로 구분하였다. 초기 데이터 품질요건으로 시간적, 공간적, 기술적 범위는 대상업체 내부와 외부로 구분하여 설정하였다. 그러나 각 공정에 따라 적용요건이 다르므로 해당부분에서 언급하였다.",인쇄용지(virgin) 1kg,인쇄용지(virgin) 1kg,2003,지식경제부,"* 공정설명 : 원목 및 펄프를 원료로 하여 인쇄용지(virgin)를 생산하는 공정 * 단위공정 : 원질공정, 초지공정, 포장공정의 공정으로 데이터 수집 * 반영 기술 : 현재(2002년) 인쇄용지(virgin)생산에 사용되는 기술"
101,재활용,공통,재활용,폐PVC 재활용(Waste PVC Recycling),"폐 PP, LDPE, PS, HDPE, PET, PVC를 원료로서 재생",PVC 재활용 1kg,PVC 재활용 1kg,2001,지식경제부,"* 공정설명 : 폐PVC의 원료로서 재생 * 단위공정 : 선별분리, 중간처리, 용융 및 재생 원료화의 세부공정을 단일 재활용공정으로 통합 * 반영 기술 : 현재(2000) 폐플라스틱 재활용에 사용되는 기술 적용"
100,물질제조,건축,원부자재,1종 포틀랜드 시멘트(Portland Cement type I),원료인 석회석을 분쇄 및 소성을 통하여 시멘트 생산,1종 포틀랜드 시멘트 1kg,1종 포틀랜드 시멘트 1kg,2002,지식경제부,1종 포틀랜드 시멘트 생산
99,물질제조,건축,원부자재,2종 포틀랜드 시멘트(Portland Cement type II),원료인 석회석을 분쇄 및 소성을 통하여 시멘트 생산,2종 포틀랜드 시멘트 1kg,2종 포틀랜드 시멘트 1kg,2002,지식경제부,2종 포틀랜트 시멘트 생산
98,재활용,공통,재활용,폐PP 재활용(Waste PP Recycling),"폐 PP, LDPE, PS, HDPE, PET, PVC를 원료로서 재생",PP 재활용 1kg,PP 재활용 1kg,2001,지식경제부,"* 공정설명 : 폐PP의 원료로서 재생 * 단위공정 : 선별분리, 중간처리, 용융 및 재생 원료화의 세부공정을 단일 재활용공정으로 통합 * 반영 기술 : 현재(2000) 폐플라스틱 재활용에 사용되는 기술 적용"
97,재활용,공통,재활용,폐PS 재활용(Waste PS Recycling),"폐 PP, LDPE, PS, HDPE, PET, PVC를 원료로서 재생",PS 재활용 1kg,PS 재활용 1kg,2001,지식경제부,"* 공정설명 : 폐PS의 원료로서 재생 * 단위공정 : 선별분리, 중간처리, 용융 및 재생 원료화의 세부공정을 단일 재활용공정으로 통합 * 반영 기술 : 현재(2000) 폐플라스틱 재활용에 사용되는 기술 적용"
96,물질제조,건축,원부자재,3종 포틀랜드 시멘트(Portland Cement type III),원료인 석회석을 분쇄 및 소성을 통하여 시멘트 생산,3종 포틀랜드 시멘트 1kg,3종 포틀랜드 시멘트 1kg,2002,지식경제부,3종 포틀랜트 시멘트 생산
95,물질제조,건축,원부자재,5종 포틀랜드 시멘트(Portland Cement type V),원료인 석회석을 분쇄 및 소성을 통하여 시멘트 생산,5종 포틀랜드 시멘트 1kg,5종 포틀랜드 시멘트 1kg,2002,지식경제부,5종 포틀랜트 시멘트 생산
94,물질제조,건축,원부자재,레미콘 25-210-12(Ready mixed concrete 25-210-12),"원료인 시멘트, 잔골재, 굵은골재, 물, 혼화재 등을 계량, 혼합하여 생산",레미콘 25-210-12 1㎥,레미콘 25-210-12 1㎥,2003,지식경제부,레미콘 25-210-12
93,물질제조,건축,원부자재,레미콘 25-210-15(Ready mixed concrete 25-210-15),"원료인 시멘트, 잔골재, 굵은골재, 물, 혼화재 등을 계량, 혼합하여 생산",레미콘 25-210-15 1㎥,레미콘 25-210-15 1㎥,2003,지식경제부,레미콘 25-210-15
92,물질제조,건축,원부자재,고로 슬래그 시멘트(Blast furnace slag Cement),클링커 및 슬래그를 분쇄/혼합하여 시멘트 생산,고로슬래그 시멘트 1kg,고로슬래그 시멘트 1kg,2002,지식경제부,고로슬래그 시멘트 생산
91,물질제조,건축,원부자재,유리면(Glass wool),유리 재료를 원료로 유리면을 생산하는 공정,유리면 1kg,유리면 1kg,2003,지식경제부,유리면 생산
90,물질제조,건축,원부자재,유리면 보온방음판(Glass wool board),유리 재료를 원료로 유리면 보온/방음판을 생산하는 공정,유리면 보온/방음판 1kg,유리면 보온/방음판 1kg,2003,지식경제부,유리면 보온/방음판 생산
89,물질제조,건축,원부자재,유리면 파이프커버(Glass wool pipe cover),유리 재료를 원료로 유리면 파이프 커버를 생산하는 공정,유리면 파이프커버 1kg,유리면 파이프커버 1kg,2003,지식경제부,유리면 파이프 커버 생산
88,물질제조,건축,원부자재,석고보드(Gypsum Board),부산석고를 원료로 석고보드를 생산,석고보드 1kg,석고보드 1kg,2003,지식경제부,석고보드 생산
87,물질제조,금속,원부자재,니켈(Nickel),"니켈은 은백색의 광택을 지닌 금속으로 철과 마찬가지로 단조 및 단접이 가능하고 전성/연성이 풍부하며 연마가공도 가능하다. 강한 자성을 지니고 있으나, 철보다는 약하고 전기전도도는 구리의 14.9%이며, 공기 및 습기에 대해 철보다도 안정하여 잘 산화되지 않으며, 알칼리에도 잘 침식되지 않는다. 묽은 질산에는 쉽게 녹지만, 진한 질산에는 철과 마찬가지로 부동 상태로 되어 침식되지 않는다. 염소 및 브롬 등과는 격렬하게 반응한다.",니켈 1kg,니켈 1kg,2007,지식경제부,"Nickel(utility, 순도 97%)의 제조공정"
86,물질제조,건축,원부자재,레미콘 25-240-12(Ready mixed concrete 25-240-12),"원료인 시멘트, 잔골재, 굵은골재, 물, 혼화재 등을 계량, 혼합하여 생산",레미콘 25-240-12 1㎥,레미콘 25-240-12 1㎥,2003,지식경제부,레미콘 25-240-12
85,물질제조,건축,원부자재,레미콘 25-240-15(Ready mixed concrete 25-240-15),"원료인 시멘트, 잔골재, 굵은골재, 물, 혼화재 등을 계량, 혼합하여 생산",레미콘 25-240-15 1㎥,레미콘 25-240-15 1㎥,2003,지식경제부,레미콘 25-240-15
84,물질제조,화학제품,에너지,등유(Kerosene),"실내등유는 주로 가정에서 사용하는 팬히터, 스토브, 온풍기 등 가정 난방용 연료로서 실내에서 사용이 적합하도록 유황함량이 매우 낮고 색상이 맑다. 보일러등유는 가정용 난방연료로 사용되어 오던 등유의 수급상의 애로를 해결하고, 경유를 난방유로 사용하는 소비자가 교통세를 부담하는 조세형평성의 문제를 해소하기 위해 1998년 8월 새로 신설된 제품이다. 보일러등유는 등유 유분과 경유유분을 적절하게 혼합하여 가정용 난방 보일러, 상업용 보일러, 중소 산업용보일러, 농업용 난방및 건조기등 의 연료로 적합한 유종이다. 등유유분의 장점인 동절기 저장안정성 및 연소성과 경유 유분의 장점인 높은 발열량을 적절히 갖고 있다.",등유 1kg,등유 1kg,2007,지식경제부,"공정설명 : 원유(crude oil)를 증류 및 정제 공정을거쳐 등유를 생산 단위공정 : 상압증류공정, 등유탈황공정, 감압증류공정, 중질유탈황공정 반영기술 : 현재(2006년) 정유 공정에 사용되는 기술에 대한 생산비 중량평균 적용"
83,물질제조,화학제품,에너지,B-C유(Bunker fuel oil C),"B-C유는 나프타 유분에서 경질유를 제거한 유출유와 상압잔사유의 혼합물이나, 상압잔사유 그 자체를 말한다. 이와 같이 B-C유는 증류 잔사유를 주성분으로 하고 경유, 감압 유출유등과 혼합된 석유제품으로 화학적인 정제는 하지 않으므로 석유제품중 품질면에서 저급하다고 할 수있다. 그러나 B-C유는 다시 가공하면 윤활유, 아스팔트, 석유코크스등을 만들수 있다.또한 중유는 열에너지원으로 중요한 역할을 하고 있다.",B-C유 1kg,B-C유 1kg,2007,지식경제부,"공정설명 : 원유(crude oil)를 증류 및 정제 공정을거쳐 등유를 생산 단위공정 : 상압증류공정, 감압증류공정, 중질유탈황공정 반영기술 : 현재(2006년) 정유 공정에 사용되는 기술에 대한 생산비 중량평균 적용"
82,원료취득,공통,에너지,석탄(Coal),석탄층에서 석탄(무연탄)을 채굴,무연탄 1kg,무연탄 1kg,2000,지식경제부,석탄(무연탄) 채굴을 통한 생산
81,물질제조,금속,원부자재,전기로제강_철근(Electric steel deformed bars),고철을 원료로 전기로를 통해 철근을 생산하는 공장,철근 1kg,철근 1kg,2002,지식경제부,전기로 제강에 의한 철근 생산
80,물질제조,금속,원부자재,전기로 레일(Electric steel rails),고철을 원료로 전기로를 통해 레일을 생산하는 공장,레일 1kg,레일 1kg,2002,지식경제부,전기로 제강에 의한 레일 생산
79,물질제조,금속,원부자재,전기로제강_봉강(Electric steel round bars),고철을 원료로 전기로를 통해 봉강을 생산하는 공장,봉강 1kg,봉강 1kg,2002,지식경제부,전기로 제강에 의한 봉강 생산
78,물질제조,금속,원부자재,전기로제강_형강(Electric steel sections),고철을 원료로 전기로를 통해 형강을 생산하는 공장,형강 1kg,형강 1kg,2002,지식경제부,전기로 제강에 의한 형강 생산
77,물질제조,화학제품,에너지,액화석유가스(LPG)(Liquefied petroleum gas(LPG)),"전기로제강_형강 (Electric steel sections)은 열간압연강재로서 빌렛(Billet)이나 블룸(Bloom)등 반제품을 용도에 따라 그 모양을 늘리거나 가공한 것으로 단면의 형상이 다양한 형태를 갖는 제품을 말하며, 형상에 따라 ㄱ형강, ㄷ형강, I형강, H형강, T형강 및 H형강 등으로 형상에 따라 구분한다. ▶ 용도 - 건축구조물, 토목구조물, 교량복개용 및 광산지보용 철골, 철탑, 선박 및 차량 등 구조물에 사용.",LPG 1kg,LPG 1kg,2007,지식경제부,"공정설명 : 원유(crude oil)를 증류 및 정제 공정을거쳐 등유를 생산 단위공정 : 상압증류공정, 경질유정제공정, LPG메록스공정 반영기술 : 현재(2006년) 정유 공정에 사용되는 기술에 대한 생산비 중량평균 적용"
76,물질제조,금속,원부자재,전기동(Electrolytic copper),동정광을 원료로 하는 전기동 생산,전기동 1kg,전기동 1kg,2005,지식경제부,전기동(99.99%)를 생산하기 위한 동제련공정
75,물질제조,금속,원부자재,알루미늄빌렛_A1050(Aluminum billet_A1050),"알루미늄 괴, 모합금, 스크랩를 원료로 하는 알루미늄 빌렛 생산",A1050재 알루미늄 빌렛 1kg,A1050재 알루미늄 빌렛 1kg,2001,지식경제부,전기전자 재료용으로 사용되는 A1050재 알루미늄 빌렛 생산공정
74,물질제조,금속,원부자재,알루미늄빌렛_A6061(Aluminum billet_A6061),"알루미늄 괴, 모합금, 스크랩를 원료로 하는 알루미늄 빌렛 생산",A6061재 알루미늄 빌렛 1kg,A6061재 알루미늄 빌렛 1kg,2001,지식경제부,건축자재용으로 사용되는 A6061재 알루미늄 빌렛 생산공정
73,물질제조,금속,원부자재,알루미늄빌렛_A6063(Aluminum billet_A6063),"알루미늄 괴, 모합금, 스크랩를 원료로 하는 알루미늄 빌렛 생산",A6063재 알루미늄 빌렛 1kg,A6063재 알루미늄 빌렛 1kg,2001,지식경제부,건축자재용으로 사용되는 A6063재 알루미늄 빌렛 생산공정
72,물질제조,금속,원부자재,알루미늄압출제품(Aluminum extrusion),알루미늄 빌렛을 원료물질로 하는 알루미늄 압출제품 생산공정,알루미늄 압출제품 1kg,알루미늄 압출제품 1kg,2001,지식경제부,"건축자재, 고속전철, 자동차, 항공기 산업부품용 알루미늄 압출제품 생산공정"
71,물질제조,금속,원부자재,알루미늄박(Aluminum foil),알루미늄 판을 원료로 하는 알루미늄 박 생산,알루미늄박 1kg,알루미늄박 1kg,2001,지식경제부,"연포장업체, 열교환기 제조업체 및 전선업체 등에 사용되는 알루미늄 박 생산공정"
70,물질제조,금속,원부자재,알루미늄 전선용 로드(Aluminum rod_electric wire),알루미늄 괴를 원료물질로 하는 알루미늄 로드 생산공정,알루미늄 로드 1kg,알루미늄 로드 1kg,2001,지식경제부,송전선에 사용되는 알루미늄 로드 생산공정
69,물질제조,금속,원부자재,알루미늄판(Aluminum strip),"알루미늄 괴, 모합금, 스크램 및 기타 금속류를 원료로 하는 알루미늄 판 생산",알루미늄판 1kg,알루미늄판 1kg,2001,지식경제부,"알루미늄 박, 알루미늄 캔, 알루미늄 컨테이너용, 자동차용등에 사용되는 알루미늄 판 생산공정"
68,물질제조,금속,원부자재,알루미늄 자동차냉매용 로드(Aluminum_Car coolant),알루미늄 괴를 원료물질로 하는 알루미늄 로드 생산공정,자동차 냉매용 알루미늄 로드 1kg,자동차 냉매용 알루미늄 로드 1kg,2001,지식경제부,자동차 냉매용 튜브로 사용되는 알루미늄 로드 생산공정
67,물질제조,금속,원부자재,황동봉(Brass bar),봉형태의 황동봉 생산,황동봉 1kg,황동봉 1kg,2000,지식경제부,황동봉의 생산
66,물질제조,금속,원부자재,황동조(Brass roll),얇은 황동판을 연속식 주조를 통해 롤 형태로 생산,황동조 1kg,황동조 1kg,2000,지식경제부,주조를 통해 롤형태의 황동조 생산
65,물질제조,금속,원부자재,순동관(Copper pipe),관형태의 순동광을 생산,순동관 1kg,순동관 1kg,2000,지식경제부,순동관의 생산
64,물질제조,금속,원부자재,구리로드(Copper rod),선형태의 전선용 로드를 생산,로드 1kg,로드 1kg,2000,지식경제부,전선용 로드 생산
63,물질제조,금속,원부자재,니켈(Nickel),"니켈은 은백색의 광택을 지닌 금속으로 철과 마찬가지로 단조 및 단접이 가능하고 전성/연성이 풍부하며 연마가공도 가능하다. 강한 자성을 지니고 있으나, 철보다는 약하고 전기전도도는 구리의 14.9%이며, 공기 및 습기에 대해 철보다도 안정하여 잘 산화되지 않으며, 알칼리에도 잘 침식되지 않는다. 묽은 질산에는 쉽게 녹지만, 진한 질산에는 철과 마찬가지로 부동 상태로 되어 침식되지 않는다. 염소 및 브롬 등과는 격렬하게 반응한다.",니켈 1kg,니켈 1kg,2007,지식경제부,"Nickel(utility, 순도 97%)의 제조공정"
62,폐기,공통,폐기,폐플라스틱소각 (Waste Plastics Incineration),2000년 전국에서 발생한 생활계폐기물 중 폐플라스틱은 약 7.4% 정도를 차지하고 있다. 이 중 소각되는 비율은 약 19%를 차지한다.,Mixed plastics 1kg,Mixed plastics 1kg,2002,지식경제부,"* 공정설명 : 생활폐기물 내에 포함된 폐플라스틱(Mixed plastics)의 소각 * 단위공정 : 반입, 연소, 연소가스처리, 배출수 처리, 소각재처리, 여열이용 등의 세부공정을 단일 소각공정으로 통합 * 반영 기술 : 현재(2001년) 생활폐기물 소각에 사용되는 기술 적용"
61,재활용,공통,재활용,폐플라스틱 재활용 (Waste Plastics Recycling),"폐 PP, LDPE, PS, HDPE, PET, PVC를 원료로서 재생","폐PP, LDPE, PS, HDPE, PET, PVC 재활용 1kg","폐PP, LDPE, PS, HDPE, PET, PVC 재활용 1kg",2001,지식경제부,"* 공정설명 : 폐플라스틱의 원료로서 재생 * 단위공정 : 선별분리, 중간처리, 용융 및 재생 원료화의 세부공정을 단일 재활용공정으로 통합 * 반영 기술 : 현재(2000) 폐플라스틱 재활용에 사용되는 기술 적용"
60,폐기,공통,폐기,폐PP소각(Waste PP Incineration),2000년 전국에서 발생한 생활계폐기물 중 폐플라스틱은 약 7.4% 정도를 차지하고 있다. 이 중 소각되는 비율은 약 19%를 차지한다.,PP소각 1kg,PP소각 1kg,2002,지식경제부,"* 공정설명 : 생활폐기물 내에 포함된 폐플라스틱(PP)의 소각 * 단위공정 : 반입, 연소, 연소가스처리, 배출수 처리, 소각재처리, 여열이용 등의 세부공정을 단일 소각공정으로 통합 * 반영 기술 : 현재(2001년) 생활폐기물 소각에 사용되는 기술 적용"
59,폐기,공통,폐기,폐PS 소각(Waste PS Incineration),2000년 전국에서 발생한 생활계폐기물 중 폐플라스틱은 약 7.4% 정도를 차지하고 있다. 이 중 소각되는 비율은약 19%를 차지한다.,PS 소각 1kg,PS 소각 1kg,2002,지식경제부,"* 공정설명 : 생활폐기물 내에 포함된 폐플라스틱(PS)의 소각 * 단위공정 : 반입, 연소, 연소가스처리, 배출수 처리, 소각재처리, 여열이용 등의 세부공정을 단일 소각공정으로 통합 * 반영 기술 : 현재(2001년) 생활폐기물 소각에 사용되는 기술 적용"
58,폐기,공통,폐기,폐PVC소각(Waste PVC Incineration),2000년 전국에서 발생한 생활계폐기물 중 폐플라스틱은 약 7.4% 정도를 차지하고 있다. 이 중 소각되는 비율은 약 19%를 차지한다.,PVC 소각 1kg,PVC 소각 1kg,2002,지식경제부,"* 공정설명 : 생활폐기물 내에 포함된 폐플라스틱(PVC)의 소각 * 단위공정 : 반입, 연소, 연소가스처리, 배출수 처리, 소각재처리, 여열이용 등의 세부공정을 단일 소각공정으로 통합 * 반영 기술 : 현재(2001년) 생활폐기물 소각에 사용되는 기술 적용"
57,물질제조,화학제품,원부자재,일반용 폴리스티렌(내열)(General Purpose Polystylene),"GPPS (General Purpose Polystyrene)은 분자량이 크고(Mw : 20～30만), PMMA(Polymethyl meth-acrylate) 다음으로 투명성이 뛰어난 열가소성 플라스틱으로 가격이 저렴하고 가공성 및 기계적 특성이 우수하여 널리 사용되는 범용 수지이다. 잔류 모노머 함량, 분자량 등은 물성변화에 중요한 요인이므로 Grade선정 시 고려되어야 한다.",GPPS내열 1kg,GPPS내열 1kg,2000,지식경제부,"* 공정설명 :stylene monomer를 원료로 GPPS내열을 생산하는 공정 * 단위공정 : 중합공정, 탈기공정, 제립공정, 저장 및 포장공정으로 데이터를 수집 * 반영 기술 : 현재(1999년) GPPS내열 생산에 사용되는 기술에 대한 생산비 중량평균 적용"
56,물질제조,화학제품,원부자재,일반용 폴리스티렌(범용)(General Purpose Polystylene),"GPPS (General Purpose Polystyrene)은 분자량이 크고(Mw : 20～30만), PMMA(Polymethyl meth-acrylate) 다음으로 투명성이 뛰어난 열가소성 플라스틱으로 가격이 저렴하고 가공성 및 기계적 특성이 우수하여 널리 사용되는 범용 수지이다. 잔류 모노머 함량, 분자량 등은 물성변화에 중요한 요인이므로 Grade선정 시 고려되어야 한다.",GPPS범용 1kg,GPPS범용 1kg,2000,지식경제부,"* 공정설명 :stylene monomer를 원료로 GPPS범용을 생산하는 공정 * 단위공정 : 중합공정, 탈기공정, 제립공정, 저장 및 포장공정으로 데이터를 수집 * 반영 기술 : 현재(1999년) GPPS범용 생산에 사용되는 기술에 대한 생산비 중량평균 적용"
55,물질제조,화학제품,원부자재,일반용 폴리스티렌(통합)(General Purpose Polystylene),"GPPS (General Purpose Polystyrene)은 분자량이 크고(Mw : 20～30만), PMMA(Polymethyl meth-acrylate) 다음으로 투명성이 뛰어난 열가소성 플라스틱으로 가격이 저렴하고 가공성 및 기계적 특성이 우수하여 널리 사용되는 범용 수지이다. 잔류 모노머 함량, 분자량 등은 물성변화에 중요한 요인이므로 Grade선정 시 고려되어야 한다.",GPPS통합 1kg,GPPS통합 1kg,2000,지식경제부,"* 공정설명 :stylene monomer를 원료로 GPPS통합을 생산하는 공정 * 단위공정 : 중합공정, 탈기공정, 제립공정, 저장 및 포장공정으로 데이터를 수집 * 반영 기술 : 현재(1999년) GPPS통합 생산에 사용되는 기술에 대한 생산비 중량평균 적용"
54,물질제조,화학제품,원부자재,사출용 고밀도 폴리에틸렌(High-Density Polyethylene-injection molding),"사출용 고밀도 폴리에틸렌 (HDPE: High-Density Polyethylene-injection molding)는 에틸렌을 저압 공정에서 촉매를 사용, 중합하여 제조되는 수지이다. 매우 큰 분자량을 가지며 분자량이 커질수록 충격강도, 인열강도, 신율 등 물리적 성질은 향상되지만, 용융 점도는 증가하여 가공성은 차차 저하된다. 밀도는 0.941～0.965, 융점 132℃~138℃, 융해열, 55~66cal/g이다.",HDPE(사출) 1kg,HDPE(사출) 1kg,2000,지식경제부,"* 공정설명 : hexane, ethylene, H2를 원료로 HDPE를 생산하는 공정 * 단위공정 : 반응공정, 분리공정, 건조공정, 제립공정, 포장공정, 용매제조공정, 촉매제조공정으로 데이터 수집 * 반영 기술 : 현재(1999년) HDPE사출 생산에 사용되는 기술에 대한 생산비 중량평균 적용"
53,물질제조,화학제품,원부자재,중공용 고밀도 폴리에틸렌(High-Density Polyethylene-blow molding),"중공용 고밀도 폴리에틸렌 (HDPE: High-Density Polyethylene-blow molding) 는 에틸렌을 저압 공정에서 촉매를 사용, 중합하여 제조되는 수지이다. 매우 큰 분자량을 가지며 분자량이 커질수록 충격강도, 인열강도, 신율 등 물리적 성질은 향상되지만, 용융 점도는 증가하여 가공성은 차차 저하된다. 밀도는 0.941～0.965, 융점 132℃~138℃, 융해열, 55~66cal/g이다.",HDPE(중공) 1kg,HDPE(중공) 1kg,2000,지식경제부,"* 공정설명 : hexane, ethylene, H2를 원료로 HDPE를 생산하는 공정 * 단위공정 : 반응공정, 분리공정, 건조공정, 제립공정, 포장공정, 용매제조공정, 촉매제조공정으로 데이터 수집 * 반영 기술 : 현재(1999년) HDPE중공 생산에 사용되는 기술에 대한 생산비 중량평균 적용"
52,물질제조,화학제품,원부자재,고밀도 폴리에틸렌(High-Density Polyethylene),"고밀도 폴리에틸렌 (HDPE: High-Density Polyethylene) 는 에틸렌을 저압 공정에서 촉매를 사용, 중합하여 제조되는 수지이다. 매우 큰 분자량을 가지며 분자량이 커질수록 충격강도, 인열강도, 신율 등 물리적 성질은 향상되지만, 용융 점도는 증가하여 가공성은 차차 저하된다. 밀도는 0.941～0.965, 융점 132℃~138℃, 융해열, 55~66cal/g이다.",HDPE(통합) 1kg,HDPE(통합) 1kg,2000,지식경제부,"* 공정설명 : hexane, ethylene, H2를 원료로 HDPE를 생산하는 공정 * 단위공정 : 반응공정, 분리공정, 건조공정, 제립공정, 포장공정, 용매제조공정, 촉매제조공정으로 데이터 수집 * 반영 기술 : 현재(1999년) HDPE 생산에 사용되는 기술에 대한 생산비 중량평균 적용"
51,물질제조,화학제품,원부자재,파이프용 고밀도 폴리에틸렌( High-Density Polyethylene-pipe),"파이프용 고밀도 폴리에틸렌 (HDPE: High-Density Polyethylene-pipe) 는 에틸렌을 저압 공정에서 촉매를 사용, 중합하여 제조되는 수지이다. 매우 큰 분자량을 가지며 분자량이 커질수록 충격강도, 인열강도, 신율 등 물리적 성질은 향상되지만, 용융 점도는 증가하여 가공성은 차차 저하된다. 밀도는 0.941～0.965, 융점 132℃~138℃, 융해열, 55~66cal/g이다.",HDPE(파이프) 1kg,HDPE(파이프) 1kg,2000,지식경제부,"* 공정설명 : hexane, ethylene, H2를 원료로 HDPE를 생산하는 공정 * 단위공정 : 반응공정, 분리공정, 건조공정, 제립공정, 포장공정, 용매제조공정, 촉매제조공정으로 데이터 수집 * 반영 기술 : 현재(1999년) HDPE파이프 생산에 사용되는 기술에 대한 생산비 중량평균 적용"
50,물질제조,화학제품,원부자재,필름용 고밀도 폴리에틸렌(High-Density Polyethylene-film),"필름용 고밀도 폴리에틸렌 (HDPE: High-Density Polyethylene-film)는 에틸렌을 저압 공정에서 촉매를 사용, 중합하여 제조되는 수지이다. 매우 큰 분자량을 가지며 분자량이 커질수록 충격강도, 인열강도, 신율 등 물리적 성질은 향상되지만, 용융 점도는 증가하여 가공성은 차차 저하된다. 밀도는 0.941～0.965, 융점 132℃~138℃, 융해열, 55~66cal/g이다.",HDPE(필름) 1kg,HDPE(필름) 1kg,2000,지식경제부,"* 공정설명 : hexane, ethylene, H2를 원료로 HDPE를 생산하는 공정 * 단위공정 : 반응공정, 분리공정, 건조공정, 제립공정, 포장공정, 용매제조공정, 촉매제조공정으로 데이터 수집 * 반영 기술 : 현재(1999년) HDPE파이프 필름에 사용되는 기술에 대한 생산비 중량평균 적용"
49,물질제조,화학제품,원부자재,내충격성 폴리스티렌-고기능(High Impact Polystyrene-Advanced),"GPPS에 고무를 Graft시켜서 만든 HIPS(High Impact Polystyrene)는 내충격성은 물론 기계적 성질, 성형가공성, 이형성 등이 탁월하며, 특히 내열특성을 향상시킨 수지이다.",HIPS고기능 1kg,HIPS고기능 1kg,2000,지식경제부,"* 공정설명 : SM과 rubber를 중합하여 HIPS고기능 생산하는 공정 * 단위공정 : 고무용해공정, 중합공정, 탈기공정, 제립공정, 저장 및 포장공정으로 데이터를 수집 * 반영 기술 : 현재(1999년)HIPS고기능 생산에 사용되는 기술에 대한 생산비 중량평균 적용"
48,물질제조,화학제품,원부자재,내충격성 폴리스티렌-고유동(High Impact Polystyrene-high flow),"GPPS에 고무를 Graft시켜서 만든 HIPS(High Impact Polystyrene)는 내충격성은 물론 기계적 성질, 성형가공성, 이형성 등이 탁월하며, 특히 내열특성을 향상시킨 수지이다.",HIPS고유동 1kg,HIPS고유동 1kg,2000,지식경제부,"* 공정설명 : SM과 rubber를 중합하여 HIPS고유동을 생산하는 공정 * 단위공정 : 고무용해공정, 중합공정, 탈기공정, 제립공정, 저장 및 포장공정으로 데이터를 수집 * 반영 기술 : 현재(1999년)HIPS고유동 생산에 사용되는 기술에 대한 생산비 중량평균 적용"
47,재활용,공통,재활용,폐HDPE 재활용(Waste HDPE Recycling),"폐 PP, LDPE, PS, HDPE, PET, PVC를 원료로서 재생",HDPE재활용 1kg,HDPE재활용 1kg,2001,지식경제부,"* 공정설명 : 폐HDPE의 원료로서 재생 * 단위공정 : 선별분리, 중간처리, 용융 및 재생 원료화의 세부공정을 단일 재활용공정으로 통합 * 반영 기술 : 현재(2000) 폐플라스틱 재활용에 사용되는 기술 적용"
46,폐기,공통,폐기,폐LDPE소각(Waste LDPE Incineration),폐플라스틱(waste plastic)의 소각,LDPE소각 1kg,LDPE소각 1kg,2002,지식경제부,"* 공정설명 : 생활폐기물 내에 포함된 폐플라스틱(LDPE)의 소각 * 단위공정 : 반입, 연소, 연소가스처리, 배출수 처리, 소각재처리, 여열이용 등의 세부공정을 단일 소각공정으로 통합 * 반영 기술 : 현재(2001년) 생활폐기물 소각에 사용되는 기술 적용"
45,재활용,공통,재활용,폐LDPE 재활용(Waste LDPE Recycling),"폐 PP, LDPE, PS, HDPE, PET, PVC를 원료로서 재생",LDPE재활용 1kg,LDPE재활용 1kg,2001,지식경제부,"* 공정설명 : 폐LDPE의 원료로서 재생 * 단위공정 : 선별분리, 중간처리, 용융 및 재생 원료화의 세부공정을 단일 재활용공정으로 통합 * 반영 기술 : 현재(2000) 폐플라스틱 재활용에 사용되는 기술 적용"
44,폐기,공통,폐기,폐종이 소각(Waste Paper Incineration),2001년 전국에서 발생한 생활계폐기물 중 폐지류는 약 25% 정도를 차지하고 있다. 이 중 소각되는 비율은 약 16.9%를 차지한다,Waste Paper소각 1kg,Waste Paper소각 1kg,2003,지식경제부,"공정설명 : waste paper(폐지)를 소각하여 여열로 주변지역에 스팀과 전기를 공급 단위공정 : 소각공정, 여열이용공정(전기, 스팀 공급) 반영기술 : 2001년 현재 waste paper(폐지) 소각 공정에 사용되는 기술에 대한 생산비 중량평균 적용"
43,폐기,공통,폐기,폐종이 매립(Waste Paper Landfill),2000년 전국에서 발생한 생활계폐기물 중 폐지는 25% 정도를 차지하고 있다. 이 중 소각되는 비율은 약 29.7%를 차지한다.,Waste Paper매립 1kg,Waste Paper매립 1kg,2003,지식경제부,"공정설명 : waste paper(폐지)를 매립하는 공정 단위공정 : 매립공정, 침출수처리공정, 매립가스처리공정 반영기술 : 1992년부터 2040년까지 폐지 매립에 사용되는 기술"
42,재활용,공통,재활용,폐종이 재활용(Waste Paper Recycling),"폐지는 비교적 재활용이 잘 되는 품목 중 하나이다. 과거의 폐지 재활용률은 국내산 폐지의 재활용률이 높지 않았기 때문에 폐지의 수입의존도가 높았으나 해마다 국산 폐지의 비율이 높아지고 있다. 2002년 현재 제지 업계에서 국산 및 수입 폐지의 사용 비율은 판지를 포함하여 72%에 달하고 있다. 판지를 제외한 2002년 국산 폐지, 수입 폐지 사용 비율은 각각 77.3%, 22.7% 이다.",Waste Paper재활용 1kg,Waste Paper재활용 1kg,2003,지식경제부,"공정설명 : waste paper(폐지)를 재활용하는 공정 단위공정 : 선별공정, 압축공정, 탈묵공정, (수송) 반영기술 : 현재(2002년) wast paper(폐지) 재활용에 사용되는 기술"
41,폐기,공통,폐기,폐PET소각(Waste PET Incineration),2000년 전국에서 발생한 생활계폐기물 중 폐플라스틱은 약 7.4% 정도를 차지하고 있다. 이 중 소각되는 비율은 약 19%를 차지한다.,PET소각 1kg,PET소각 1kg,2002,지식경제부,"* 공정설명 : 생활폐기물 내에 포함된 폐플라스틱(PET)의 소각 * 단위공정 : 반입, 연소, 연소가스처리, 배출수 처리, 소각재처리, 여열이용 등의 세부공정을 단일 소각공정으로 통합 * 반영 기술 : 현재(2001년) 생활폐기물 소각에 사용되는 기술 적용"
40,물질제조,화학제품,원부자재,폴리비닐클로라이드(Polyvinyl Chloride),"PVC(Polyvinyl Chloride)는 단독중합체 및 염화비닐을 50% 이상 함유한 혼성중합체이다. 단독중합체라 하더라도 분자량에 따라 성질이 달라지며 반응조건에 따라 성질이 다른 여러 중합도의 물질이 된다. PVC는 결정성이 현저하게 낮아서 빛이나 열에 의해 분해되므로 일반적으로 안정제를 배합한다. ▶용도 - PVC는 각종 조제를 배합하여 열가공되어 여러 제품을 만들 수 있는데 포장용, 농업용의 시트나 필름이 그 예이다. 이 외에 압출성형의 공정을 통하여 전선피복, 튜브, 호스. 수도관을 제조하는데 이용.",PVC 1kg,PVC 1kg,2001,지식경제부,"공정설명 : VCM을 중합하여 PVC(Poly Vinyl Chloride)를 생산 단위공정 : 중합공정, 후처리공정, 정제 및 회수공정과 포장공정으로 데이터를 수집 반영기술 : 현재(2000년) PVC 생산에 사용되는 기술에 대한 생산비 중량평균 적용"
39,물질제조,화학제품,원부자재,스티렌 아크릴로니트릴(Stylene-Acrylonitrile),"스티렌 아크릴로니트릴 (SAN: Stylene-Acrylonitrile) 은 Styrene과 Acrylonitrile의 중합으로 제조 되며 공업적으로 유화, 현탁 및 괴상중합 등의 방법에 의해 제조된다. 특별한 경우를 제외하고는 여타공정에 비해 투명성, 색상 및 기타 물성이 우수한 연속식 괴상중합방법이 널리 이용되고 있으며 stylene과 acrylonitrile의 조성비 및 분자량에 의하여 고유동, 고투명, 고내열, 고강성 Grade로 분류 된다. ▶용도 - 내약품성, 투명성, 내열성, 가공성 및 기계적 특성이 우수한 수지로 주로 가전제품, 자동차, 전자제품, 포장산업, 건축, 의료기구 등 용도로 사용되고 있으며, ABS 수지 제조 시 Blend용으로 사용.",SAN 1kg,SAN 1kg,2002,지식경제부,"* 공정설명 : styrene monomer, acrylonitrile을 중합하여 SAN (Styrene Acrylonitrile )를 생산 * 단위공정 : 중합, 탈기, 제립공정으로 데이터를 수집 * 반영 기술 : 현재(2001년) SAN 생산에 사용되는 기술에 대한 생산비 중량평균 적용"
38,물질제조,화학제품,원부자재,스티렌 단량체(SM)(Styrene Monomer(SM)),"스티렌 단량체 (SM: Styrene Monomer) 은 무색 액체로 비중은 0.9075(20℃), 비점 145.1℃, 굴절률 1.5439 (25℃), 인화점 32℃이다. 알콜 및 에테르에는 녹으나 물에는 녹지 않으며 가열, 빛 또는 과산화물(중합촉매)에 의해 쉽게 중합되며 점도가 높아져 무색의 고체상태까지 된다. SM은 산화철을 주체로 한 촉매(예를 들면 Shell-105)를 사용하여 에틸벤젠을 탈수소화 시켜 제조한다. ▶용도 - PS, 합성고무(SBR), PE, PET, ABS, 이온교환수지, 합성수지 도료 등을 제조하는데 사용.",Styrene Monomer 1kg,Styrene Monomer 1kg,2000,지식경제부,"* 공정설명 :Ethylene과 Benzene을 원료로 Stylene Monomer을 생산하는 공정 * 단위공정 : 에틸벤젠 반응기, 에틸벤젠 정제계, 탈수소화 반응기, 스티렌모노머 정제계로 데이터를 수집 * 반영 기술 : 현재(1999년) Stylene Monomer생산에 사용되는 기술에 대한 생산비 중량평균 적용"
37,물질제조,화학제품,원부자재,톨루엔 디이소시아네이트(Toluene diisocyanate),"톨루엔을 염산과 반응시켜 디니트로톨루엔(DNT)을 합성하고, DNT를 수소와 반응시켜 트리니트로디아민(TDA)을 합성한 후, TDA의 포스겐화반응을 통해 TDI를 생산",TDI 1kg,TDI 1kg,2005,지식경제부,배치(batch) 공정을 통한 TDI 생산
36,물질제조,화학제품,원부자재,톨루엔(Toluene),"Toluene은 분자량 92.14로 무색투명의 액체이다. 톨루엔은 물에 녹지 않으며 에틸알콜, 에테르, 아세톤, 벤젠에는 쉽게 녹는다. ▶ 용도 - 염료, 향료, 화약(TNT), 유기안료, 합성크레졸, 감미료, 표백제, TDI(폴리우레탄 원료), 테레프탈산, 합성섬유, 가소제 등의 합성원료, 벤젠원료(탈알킬법), 벤젠 및 자일렌 원료(불균화법), 석유정제, 도료용제(고무, 수지, 유지, 초산섬유소, 도료), 안식향산, 사카린, 톨루이딘, 톨리딘 피리딘 완성제, 표백제, 가소제 등의 합성원료, 의약품(천식약, 마취약), 형광염료 등에 사용된다.",Toluene 1kg,Toluene 1kg,2000,지식경제부,"* 공정설명 : 열분해 가솔린과 수소를 원료로 톨루엔을 합성하는 공정 * 단위공정 : 수소첨가공정, 추출공정, 분류공정, 탈알킬공정으로 데이터를 수집 * 반영 기술 : 현재(1999년) Benzene 생산에 사용되는 기술에 대한 생산비 중량평균 적용"
35,물질제조,화학제품,원부자재,자일렌(Xylene),"Xylene의 분자량은 106.17이며 3종의 이성체(o-Xylene, m-Xylene, p-Xylene) 혼합물로 혼합자일렌이라고 하는 무색의 액체다. 물에 녹지 않으며, 알코올 및 에테르에 쉽게 녹는다. o-Xylene 및 에틸벤젠 외에는 서로 비점이 비슷하기 때문에 증류하여 분리하는 것은 곤란하므로 융점의 차를 이용하여 분리하는 심냉분리법 또는 제올라이트계 분자체(molecular sieve)에 의한 흡착법으로 p-Xylene를 우선 분리한다. m-Xylene에 포르말린을 작용시켜 중합시키면 합성수지로 되며 에테르, 클로로포름, 이황화탄소와 혼합된다. ▶ 용도 - 합성원료로서 염료, 유기안료, 향료(인조사향), 의약품(VB2) 등에도 사용.",Xylene 1kg,Xylene 1kg,2000,지식경제부,"* 공정설명 : 열분해 가솔린과 수소를 원료로 자일렌을 합성하는 공정 * 단위공정 : 수소첨가공정, 추출공정, 분류공정, 탈알킬공정으로 데이터를 수집 * 반영 기술 : 현재(1999년) Xylene 생산에 사용되는 기술에 대한 생산비 중량평균 적용"
34,물질제조,화학제품,원부자재,염화비닐 단량체(Vinyl Chloride Monomer),염화비닐 단량체 (VCM: Vinyl Chloride Monomer) 는 폴리염화비닐(PVC)을 제조하는데 투입되는 원료로 이는 일반적으로 염화비닐을 제조하는 업체에서 제조하고 있다. 인화성이 있고 공기와 섞인 것은 폭발성이 있다. 실험실에서는 염화에틸렌(EDC)의 알칼리에 의한 염화수소 이탈반응에 의해서 생기나 공업적으로는 아세틸렌법과 에틸렌법의 두 방법에 의해 제조된다. 그러나 주로 석유화학공업에서 값싸게 얻을 수 있는 에틸렌을 출발원료로 하는 에틸렌법이 많이 쓰인다.,VCM 1kg,VCM 1kg,2001,지식경제부,공정설명 : chlorine과 ethylene을 원료로 하여 VCM(Vinyl Chloride Monomer)를 생산 단위공정 : EDC(Ethylene DiChloride) 제조공정과 VCM 제조공정으로 데이터를 수집 반영기술 : 현재(2000년) VCM 생산에 사용되는 기술에 대한 생산비 중량평균 적용
33,폐기,공통,폐기,혼합 플라스틱 매립(Mixed Plastics Landfill),2000년 전국에서 발생한 생활계폐기물 중 폐플라스틱은 약 7.4% 정도를 차지하고 있다.이 중 소각되는 비율은 약 49%를 차지한다.,폐플라스틱매립 1kg,폐플라스틱매립 1kg,2002,지식경제부,"* 공정설명 : 생활폐기물 내에 포함된 폐플라스틱의 매립 * 단위공정 : 폐기물 매립공정은 하나의 단위공정으로 존재하며, 침출수 및 매립가스 처리공정은 시스템경계에서 제외 * 반영 기술 : 매립기간(1992~2000년) 동안 적용된 기술"
32,폐기,공통,폐기,폐HDPE소각(Waste HDPE Incineration),2000년 전국에서 발생한 생활계폐기물 중 폐플라스틱은 약 7.4% 정도를 차지하고 있다. 이 중 소각되는 비율은 약 19%를 차지한다.,HDPE소각 1kg,HDPE소각 1kg,2002,지식경제부,"* 공정설명 : 생활폐기물 내에 포함된 폐플라스틱(HDPE)의 소각 * 단위공정 : 반입, 연소, 연소가스처리, 배출수 처리, 소각재처리, 여열이용 등의 세부공정을 단일 소각공정으로 통합 * 반영 기술 : 현재(2001년) 생활폐기물 소각에 사용되는 기술 적용"
31,재활용,공통,재활용,폐PET 재활용(Waste PET Recycling),"폐 PP, LDPE, PS, HDPE, PET, PVC를 원료로서 재생",PET재활용 1kg,PET재활용 1kg,2001,지식경제부,"* 공정설명 : 폐PET의 원료로서 재생 * 단위공정 : 선별분리, 중간처리, 용융 및 재생 원료화의 세부공정을 단일 재활용공정으로 통합 * 반영 기술 : 현재(2000) 폐플라스틱 재활용에 사용되는 기술 적용"
30,물질제조,화학제품,원부자재,이소프로필 알콜(Isopropyl alcohol),직접 수화반응에 의한 IPA생산,Isopropyl alcohol 1kg,Isopropyl alcohol 1kg,2005,지식경제부,프로필렌의 직접 수화반응에 의한 이소프로필 알콜의 생산
29,물질제조,화학제품,원부자재,선형저밀도 폴리에틸렌(Linear Low Density Polyethylene),에틸렌을 주원료로 하는 LLDPE 생산,LLDPE 1kg,LLDPE 1kg,2005,지식경제부,저압법에 의한 LLDPE생산
28,물질제조,화학제품,원부자재,디페닐메탄 디이소시아네이트(Diphenylmethane diisocyanate),"벤젠과 수소의 반응을 통해 아닐린을 제조하고, 이 아닐린과 포름알데히드의 축합을 통해 MDI를 생산",MDI 1kg,MDI 1kg,2005,지식경제부,배치(batch)공정을 통한 MDI 생산
27,물질제조,화학제품,원부자재,폴리카보네이트(Polycarbonate),솔벤트법에 의한 Polycarbonate의 생산,Polycarbonate powder 1kg,Polycarbonate powder 1kg,2005,지식경제부,Bisphenol A와 CO로부터 Polycarbonate를 생산
26,물질제조,화학제품,원부자재,일반용 폴리스티렌(고유동)(General Purpose Polystylene),"GPPS (General Purpose Polystyrene)은 분자량이 크고(Mw : 20～30만), PMMA(Polymethyl meth-acrylate) 다음으로 투명성이 뛰어난 열가소성 플라스틱으로 가격이 저렴하고 가공성 및 기계적 특성이 우수하여 널리 사용되는 범용 수지이다. 잔류 모노머 함량, 분자량 등은 물성변화에 중요한 요인이므로 Grade선정 시 고려되어야 한다.",GPPS고유동 1kg,GPPS고유동 1kg,2000,지식경제부,"* 공정설명 :stylene monomer를 원료로 GPPS고유동을 생산하는 공정 * 단위공정 : 중합공정, 탈기공정, 제립공정, 저장 및 포장공정으로 데이터를 수집 * 반영 기술 : 현재(1999년) GPPS고유동 생산에 사용되는 기술에 대한 생산비 중량평균 적용"
25,물질제조,화학제품,원부자재,내충격성 폴리스티렌-범용(High Impact Polystyrene-general),"GPPS에 고무를 Graft시켜서 만든 HIPS(High Impact Polystyrene)는 내충격성은 물론 기계적 성질, 성형가공성, 이형성 등이 탁월하며, 특히 내열특성을 향상시킨 수지이다.",HIPS범용 1kg,HIPS범용 1kg,2000,지식경제부,"* 공정설명 : SM과 rubber를 중합하여 HIPS범용을 생산하는 공정 * 단위공정 : 고무용해공정, 중합공정, 탈기공정, 제립공정, 저장 및 포장공정으로 데이터를 수집 * 반영 기술 : 현재(1999년)HIPS범용 생산에 사용되는 기술에 대한 생산비 중량평균 적용"
24,물질제조,화학제품,원부자재,내충격성 폴리스티렌(High Impact Polystyrene),"GPPS에 고무를 Graft시켜서 만든 HIPS(High Impact Polystyrene)는 내충격성은 물론 기계적 성질, 성형가공성, 이형성 등이 탁월하며, 특히 내열특성을 향상시킨 수지이다.",HIPS 1kg,HIPS 1kg,2000,지식경제부,"* 공정설명 : SM과 rubber를 중합하여 HIPS을 생산하는 공정 * 단위공정 : 고무용해공정, 중합공정, 탈기공정, 제립공정, 저장 및 포장공정으로 데이터를 수집 * 반영 기술 : 현재(1999년)HIPS 생산에 사용되는 기술에 대한 생산비 중량평균 적용"
23,물질제조,화학제품,원부자재,이소 부탄올(i-Butanol),"i-Butanol(i-butyl alcohol)은 무색 투명한 액체로 비중은 0.806(15℃), 융점은 -108℃, 비점 107.9℃, 인화점은 30℃로 가연성물질로서, 알코올, 에테르에는 잘 녹는다. 용도는 가소제 및 아미노 수지의 원료나 도료 및 잉크 분야의 용제로 사용된다.",i-butanol 1kg,i-butanol 1kg,2007,지식경제부,국가평균 i-butanol 제조공정
22,물질제조,화학제품,원부자재,저밀도 폴리에틸렌(Low-Density polyethylene),"저밀도 폴리에틸렌 (LDPE: Low-Density polyethylene) 는 분자구조가 가장 간단한 수지 중의 하나로 내충격성, 내저온취화성, 유연성, 가공성, 필름의 투명성, 내화학성, 내수성, 전기절연성 등의 특성이 있다. LDPE가 나타내는 각종 특성들은 분자량, 분자량 분포 및 밀도에 의해 크게 좌우되며 용융장력, 탄성 등이 중요한 변수가 되는 상황에서는 장쇄 및 단쇄 분자의 수나 형태가 중요한 영향을 미치기도 한다.",LDPE 1kg,LDPE 1kg,2000,지식경제부,"* 공정설명 : 열분해 가솔린과 수소를 반응시켜 LDPE를 합성하여 제품화하는 공정 *단위공정 : 압축공정, 반응공정, 분리공정, 압출공정, 저장공정, 포장공정, 회수공정 으로 데이터를 수집 * 반영 기술 : 현재(1999년) LDPE생산에 사용되는 기술에 대한 생산비 중량평균 적용"
21,물질제조,화학제품,원부자재,메틸 메타크릴레이트(Methyl Methacrylate),"메틸 메타크릴레이트 (MMA: Methyl Methacrylate) 는 PMMA의 단량체로 상온에서 무색투명한 액체이며 고온 및 광선하에서 쉽게 중합되어 유리와 같이 투명하고 고강성의 내후성, 고광택의 수지가 되는 특성이 있다. ▶용도 - 주로 PMMA 수지 및 도료, 아크릴 고분자, 아크릴 파이버, 아크릴 필름, 잉크, 목재용 복사 중합 주입물",MMA 1kg,MMA 1kg,2002,지식경제부,* 공정설명 : raffinate 와 메탄올로 MMA( (Methylmethacrylate)를 생산 * 단위공정 : MMA 제조공정의 데이터를 수집 * 반영 기술 : 현재(2001년) MMA 생산에 사용되는 기술
20,물질제조,화학제품,원부자재,폴리에스테르(PEN)(Polyethylene naphthalate(PEN)),"NDC(Dimethyl Naphthalene Dicarboxylate)와 EG(Ethylene Glycol)를 주원료로 하여 Triethyl phosphate, Antimony Trioxide, Manganesium Acetate 등의 촉매 및 첨가제를 투입하여 폴리에틸렌 나프탈레이트 수지 생산",폴리에틸렌 나프탈레이트 1kg,폴리에틸렌 나프탈레이트 1kg,2008,지식경제부,NDC(Dimethyl Naphthalene Dicarboxylate)와 EG(Ethylene Glycol)를 주원료로 하는 폴리에틸렌 나프탈레이트(PEN; Polyethylene Naphthalate) 생산
19,물질제조,화학제품,원부자재,폴리메틸 메타크릴레이트 파우더(PMMA Powder)(PolyMethyl Methacrylate Powder(PMMA Powder)),"PMMA는 MMA(Methylmethacrylate) Monomer를 주원료로 하는 대표적인 아크릴 수지로 MMA와 MA 또는 MMA와 EA로 공중합하여 생산되며 공업적으로 괴상, 현탁, 용액, 유화중합으로 제조된다. PMMA는 광학적 투명성이 아주 양호하고 자외선 흡수, 내후성, 착색성, 가공성 등에서 뛰어난 성능을 갖고 있다. ▶용도 - 건축 내장재 및 외장재로서 뿐만 아니라 광학적 투명성이 요구되는 안경렌즈, 플라스틱 광섬유 등에서 사용.",PMMA 1kg,PMMA 1kg,2002,지식경제부,"* 공정설명 : MMA(Methylmethacrylate) 와 MA(Methyl Acrilate)로 PMMA(Poly ethylmethacrylate를 생산 * 단위공정 : 중합공정, 건조공정의 데이터를 수집 * 반영 기술 : 현재(2001년) PMMA 생산에 사용되는 기술"
18,물질제조,화학제품,원부자재,폴리부타디엔 라텍스(Polybutadiene Latex),"폴리부타디엔 라텍스 (PBL: Polybutadiene Latex) 은 납사 분해시 부생하는 C4유분으로부터 추출하거나 부탄을 탈수소하여 제조하는데, 그 기능을 살펴보면 고분자 중합반응을 통해 합성고무(스티렌, 부타디엔, Polybutadiene, Neoprene 등)와 ABS 수지 등의 제조시 원료로 쓰인다.",PBL 1kg,PBL 1kg,2002,지식경제부,"* 공정설명 : butadiene, styrene monomer를 중합하여 PBL(PolyButadiene Latex)를 생산 * 단위공정 : PBL 제조공정(혼합,중합,탈기공정)으로 데이터를 수집 * 반영 기술 : 현재(2001년) PBL 생산에 사용되는 기술에 대한 생산비 중량평균 적용"
17,물질제조,화학제품,원부자재,폴리우레탄(Polyurethane),"Polyol과 MDI를 주원료로 하여 발포제, 촉매제, 정포제, 기능성 첨가제 등을 혼합반응시켜 Polyurethane 생산",Polyurethane 1kg,Polyurethane 1kg,2007,지식경제부,Polyol과 MDI를 주원료로 하는 Polyurethane 생산
16,물질제조,화학제품,원부자재,프로필렌(Propylene),"납사의 열분해 시 부생되는 유분으로부터 FCC UNIT를 가지고 있는 부생가스를 분리하여 제조하며, 이외에 프로판의 접촉 수소이탈 등에 의해서도 제조된다. 에틸렌은 중합가솔린의 제조원료 및 석유화학원료로서 이소프로필알코올, 및 필름, 성형제품, PP수지. 우레탄수지, 계면활성제, 알릴알콜, 글리세린. 에폭시수지, 농약, 산화방지제, 가소제, 아세톤, 용제, 도료, 글리세린 ,에폭시수지아세톤 등 그 용도가 매우 넓다. 또한 프로필렌을 다수 첨가 중합하여 폴리프로필렌을 생산, 합성섬유를 제조하는데 사용하는 것으로 널리 알려져 있다.",Propylene 1kg,Propylene 1kg,1999,지식경제부,"* 공정설명 : 납사가 유입되어 프로필렌을 생산 * 단위공정 : 프로필렌 제조 공정으로 데이터를 수집 * 반영 기술 : 대상 업체 내부는 현재(1998년) propylene 생산에 사용되는 기술인 LUMMUS, STONE & WEBSTER기술을 반영"
15,물질제조,화학제품,원부자재,레졸페놀수지(Resol phenol(ic) resin),페놀과 포르말린을 주원료로 하는 레졸페놀수지 생산,레졸페놀수지 1.0000kg,레졸페놀수지 1.0000kg,2005,지식경제부,페놀과 포르말린을 주원료로 하는 레졸페놀수지 생산
14,물질제조,화학제품,원부자재,"폴리아마이드66(PA66, engineering plastic compound)",Nylon66와 glass fiber를 주원료로 하는 PA66 생산,PA6 1.00000kg,PA6 1.00000kg,2005,지식경제부,플라스틱엔지니어링의 한 종류인 PA66를 생산
13,물질제조,화학제품,원부자재,에폭시 수지(Epoxy resin),BPA 및 ECH를 주원료로 하는 에폭시 수지 생산,에폭시수지 1.0000kg,에폭시수지 1.0000kg,2005,지식경제부,배치(Batch) 방식에 의한 에폭시 생산
12,물질제조,화학제품,원부자재,"폴리아마이드6(PA6, engineering plastic compound)",Nylon6과 glass fiber를 주원료로 하는 PA6 생산,PA6 1.00000kg,PA6 1.00000kg,2005,지식경제부,플라스틱엔지니어링의 한 종류인 PA6를 생산
11,물질제조,화학제품,원부자재,폴리올(Polyol),PO 또는 EO를 주원료로 하는 폴리올 생산,폴리올 1.00000kg,폴리올 1.00000kg,2005,지식경제부,배치(Batch) 방식에 의한 폴리올 생산
10,물질제조,화학제품,원부자재,ABS 파우더(ABS powder),"ABS(Acrylonitrile Butandiene Styrene)수지는 AN(Acrylonitrile), BD(Butadiene), SM(Styrene Monomer) 3종의 단량체로 구성된 3원 공중합체된 수지이다. ABS 수지의 기본적인 제조법은 blend법과 graft-blend복합법으로 대별되며, 3종의 주요모노머의 조성비를 조정하거나, 각종 안료 및 첨가제 보강, 내열제 첨가, 난연제 첨가, 분자량 조절 등을 통해서 다양한 grade로 개발이 가능한 장점을 지니고 있다.",ABS powder 1kg,ABS powder 1kg,2002,지식경제부,"* 공정설명 : polybutadiene, styrene monomer, acrylonitrile을 중합하여 ABS powder (Acrylonitrile Butadiene Styrene)를 생산 * 단위공정 : 중합공정과 후처리공정(응집, 탈수, 건조)으로 데이터를 수집 * 반영 기술 : 현재(2001년) ABS powder 생산에 사용되는 기술에 대한 생산비 중량평균 적용"
9,물질제조,화학제품,원부자재,염화암모늄(Amminium chloride(NH4Cl)),"염화암모늄은 천연으로는 화산지대나 온천지대에 존재하고, 공업적으로는 염과 암모늄소다법에 의해서 대량으로 제조하거나, 암모니아액에 염산을 가해서 제조",염화암모늄 1kg,염화암모늄 1kg,2008,지식경제부,염산과 암모니아를 주원료로 하는 염화암모늄(Ammonium chloride) 생산
8,물질제조,화학제품,원부자재,벤젠(Benzene),"Benzene의 분자량은 78.11로 무색투명의 액체이며 비중은 0/879(20℃), 공기밀도 2.73(공기=1), 융점 3.5℃ 비점 801℃, 인화점 -11.0℃, 폭발한도 1.4～8.0%(공기 중의 용량 %), 발화점 498℃이다.",벤젠 1kg,벤젠 1kg,2000,지식경제부,"* 공정설명 : 열분해가솔린과 수소를 원료로 벤젠을 생산하는 공정 * 단위공정 : 수소첨가공정, 추출공정, 분류공정, 탈알킬공정으로 데이터를 수집 * 반영 기술 : 현재(1999년) Benzene 생산에 사용되는 기술에 대한 생산비 중량평균 적용"
7,물질제조,화학제품,원부자재,비스페놀 A(Bisphenol A),Bisphenol A(BPA)는 분자량이 228.3이고 백색의 결정성 분말로 산촉매 하에 아세톤과 페놀의 축합반응을 통해 얻어 진다.,BisphenolA 1kg,BisphenolA 1kg,2008,지식경제부,국가평균 Bisphenol A 제조공정
6,물질제조,화학제품,원부자재,염화에틸렌(Ethylene dichloride),"에틸렌 디클로라이드 (EDC: Ethylene Dichloride) 는 VCM원료, 에틸렌디아민, 합성수지원료(폴리아미노산수지), 필름세정제, 의약품(비타민 추출), 훈증제, 이온교환수지, 석유정제탈납제, 유기용제(유지, 고무, 왁스, 알칼로이드의 일부 장뇌, 수지), 혼합용제(셀룰로오스에스테르 및 에테르), 래커, 페인트용제, 훈황소독제, 대온 및 침투제, 금속세정제 등에 사용된다.",EDC 1kg,EDC 1kg,2001,지식경제부,공정설명 : 에틸렌과 염소를 합성하여 EDC(Ethylene dichloride)를 생산 단위공정 : EDC생산공정을 하나의 단위공정으로 하여 데이터를 수집 반영기술 : 현재(2000년) EDC 생산에 사용되는 기술에 대한 생산비 중량평균 적용
5,물질제조,화학제품,원부자재,발포스티로폼(Expandable PolyStyrene),"발포 폴리스티렌 (EPS: Expanded Polystyrene) 의 원료인 polystyrene은 널리 사용되는 플라스틱으로 styrene의 중합체이다. EPS는 바로 이 PS 수지에 펜탄이나 부탄 등 탄화수소 가스를 주입시킨 뒤 이를 증기로 부풀린 발포 제품으로, 체적의 약 98%가 공기이고 나머지 2%가 수지인 자원 절약형의 소재이다.",EPS 1kg,EPS 1kg,2001,지식경제부,"공정설명 : styrene monomer를 발포제를 넣어 중합하여 EPS(Expandable PolyStyrene)을 생산 단위공정 : 중합공정, 탈기 및 건조공정, 코팅공정과 저장 및 포장공정으로 데이터를 수집 반영기술 : 현재(2000년) EPS 생산에 사용되는 기술에 대한 생산비 중량평균 적용"
4,물질제조,화학제품,원부자재,에틸렌(Ethylene),"에틸렌(CH2=CH2)은 무색의 가연성 기체로, 분자량 28.05, 녹는점 －162.9℃, 끓는점 －103.7 ℃, 비중 0.6246(－145 ℃)이다. 공기와의 혼합물은 인화하면 폭발하기 쉽고, 또 공기 중에서 태우면 검댕이 많은 빨간 불꽃을 내며 탄다. 에틸알코올과 진한 황산의 혼합액을 170 ℃ 정도로 가열하고 발생하는 기체를 포집(捕集)하면 에틸렌을 얻을 수 있는데, 공업적으로는 에탄의 열분해, 석유 정제시의 접촉가스 등에서 다량으로 또한 염가로 제조하고 있다. 그러나 이렇게 얻은 에틸렌은 다량의 불순물을 함유하므로 정제할 필요가 있다.",Ethylene 1kg,Ethylene 1kg,1999,지식경제부,"* 공정설명 : 납사가 유입되어 에틸렌을 생산 * 단위공정 : 에틸렌 제조 공정으로 데이터 수집 * 반영 기술 : 대상 업체 내부는 현재(1998년) ethylene 생산에 사용되는 기술인 LUMMUS, STONE & WEBSTER기술을 반영하며 대상업체 외부는 대상업체에서 사용하고 있는 물질을 제조하는데 적용된 기술과 유사한 기술을 반영"
3,물질제조,화학제품,원부자재,에틸렌비닐 아세테이트(Ethylene vinyl acetate),에틸렌 단량체와 비닐 아세테이트 단량체를 공중합시켜 에틸렌 비닐 아세테이트 생산,에틸렌 비닐 아세테이트 1kg,에틸렌 비닐 아세테이트 1kg,2008,지식경제부,에틸렌 단량체와 비닐 아세테이트 단량체를 주원료로 하는 에틸렌 비닐 아세테이트(Ethylene vinyl acetate) 생산
2,물질제조,화학제품,원부자재,지방산(Fatty acid),유지를 가수분해하는 방법으로 지방산을 생산하는 방법이 적용됨,지방산 1kg,지방산 1kg,2008,지식경제부,폐식용유를 주원료로 하는 지방산(제1절 Fatty acid) 생산
1,물질제조,화학제품,원부자재,글리세린(Glycerin),"글리세린은 유지를 가수분해 하거나, 프로필렌을 원료로하여 염화 알릴법 또는 산화 프로필렌법으로 제조할 수 있다. 동 LCI 데이터베이스 구축에는 폐식용유를 재활용하여 글리세린을 생산하는, 즉 유지를 가수분해하는 방법으로 글리세린을 생산하는 방법이 적용됨",글리세린 1kg,글리세린 1kg,2008,지식경제부,폐식용유를 주원료로 하는 글리세린(Glycerin) 생산
